Date,AAPL,AMZN,BLK,BND,GLD,JPM,MSFT,QQQ,SPY,XOM
2022-01-03,178.10365295410156,170.4044952392578,820.0728759765625,73.10576629638672,168.3300018310547,144.1915740966797,323.1607971191406,391.18621826171875,450.6444396972656,54.76023483276367
2022-01-04,175.8432159423828,167.52200317382812,825.0108642578125,73.09708404541016,169.57000732421875,149.65782165527344,317.6195068359375,386.1122741699219,450.4935607910156,56.81998825073242
2022-01-05,171.16586303710938,164.35699462890625,802.1195678710938,72.84523010253906,169.05999755859375,146.92178344726562,305.4267272949219,374.2505187988281,441.8430480957031,57.52668762207031
2022-01-06,168.30850219726562,163.25399780273438,805.4653930664062,72.76707458496094,166.99000549316406,148.48269653320312,303.0133056640625,373.9875793457031,441.427978515625,58.87975311279297
2022-01-07,168.47483825683594,162.5540008544922,802.5692138671875,72.56732940673828,167.75,149.953857421875,303.16778564453125,369.936279296875,439.68280029296875,59.36236572265625
2022-01-10,168.4944305419922,161.48599243164062,785.542236328125,72.50656127929688,168.25999450683594,150.09738159179688,303.3897399902344,370.1796875,439.1355895996094,59.009033203125
2022-01-11,171.3223876953125,165.36199951171875,798.8995971679688,72.65416717529297,170.2899932861328,150.24993896484375,304.0752258300781,375.74053955078125,443.13543701171875,61.49108123779297
2022-01-12,171.76272583007812,165.20700073242188,796.1290283203125,72.62814331054688,170.74000549316406,151.10211181640625,307.25128173828125,377.2305603027344,444.3334655761719,61.31009292602539
2022-01-13,168.4944305419922,161.21400451660156,780.3612670898438,72.74971008300781,170.16000366210938,150.91372680664062,294.24761962890625,367.793701171875,438.211181640625,60.87055587768555
2022-01-14,169.3555450439453,162.13800048828125,763.2894287109375,72.35022735595703,169.6699981689453,141.63804626464844,299.46075439453125,370.08233642578125,438.39044189453125,61.9392204284668
2022-01-18,166.15573120117188,158.91749572753906,748.3579711914062,71.89862823486328,169.38999938964844,135.699462890625,292.172119140625,360.8694152832031,430.6267395019531,62.98202133178711
2022-01-19,162.662353515625,156.2989959716797,742.51171875,72.07232666015625,172.0800018310547,133.60032653808594,292.82855224609375,356.9057922363281,426.1552429199219,63.00788116455078
2022-01-20,160.979248046875,151.66749572753906,743.4561157226562,72.15050506591797,171.64999389648438,132.4610595703125,291.1584167480469,352.2701416015625,421.4385681152344,63.14577865600586
2022-01-21,158.92431640625,142.64300537109375,720.4027709960938,72.41968536376953,171.08999633789062,130.14662170410156,285.78125,342.5021667480469,413.1654968261719,62.197757720947266
2022-01-24,158.15127563476562,144.54400634765625,707.7202758789062,72.30680847167969,172.02999877929688,130.0299835205078,286.109619140625,344.070068359375,414.91998291015625,62.73211669921875
2022-01-25,156.35073852539062,139.98599243164062,718.27099609375,72.2113037109375,172.5800018310547,131.44735717773438,278.50238037109375,336.0941467285156,409.8542785644531,64.57640838623047
2022-01-26,156.2626953125,138.87249755859375,715.5005493164062,71.81178283691406,169.7899932861328,132.69430541992188,286.4377136230469,335.56817626953125,408.8260803222656,63.921424865722656
2022-01-27,155.80282592773438,139.6374969482422,708.7456665039062,72.04627990722656,167.60000610351562,130.35293579101562,289.4593505859375,332.1888427734375,406.8072814941406,64.74015045166016
2022-01-28,166.67433166503906,143.97799682617188,726.8968505859375,72.13313293457031,167.10000610351562,131.51913452148438,297.587890625,342.60931396484375,416.9105529785156,64.8780517578125
2022-01-31,171.02883911132812,149.57350158691406,740.2090454101562,72.08101654052734,168.08999633789062,133.3043212890625,300.2137451171875,353.56536865234375,424.41949462890625,65.46409606933594
2022-02-01,170.8625030517578,151.19349670410156,742.9163818359375,72.05232238769531,168.22999572753906,135.591796875,298.070556640625,355.97088623046875,427.2872314453125,69.66114807128906
2022-02-02,172.06610107421875,150.6125030517578,739.8222045898438,72.15669250488281,168.83999633789062,134.50636291503906,302.60784912109375,358.86334228515625,431.4380187988281,69.48017883300781
2022-02-03,169.1891326904297,138.8455047607422,724.7651977539062,71.85224151611328,168.60000610351562,133.39398193359375,290.8205261230469,344.3135681152344,421.2970275878906,68.6700668334961
2022-02-04,168.905029296875,157.63949584960938,728.407958984375,71.40858459472656,168.86000061035156,136.85667419433594,295.34814453125,348.6571044921875,423.2780456542969,70.16101837158203
2022-02-07,168.1897735595703,157.9355010986328,734.7941284179688,71.46947479248047,170.11000061035156,137.31417846679688,290.5309753417969,345.8523254394531,421.919677734375,71.00560760498047
2022-02-08,171.29571533203125,161.4134979248047,726.2222900390625,71.23463439941406,170.6300048828125,139.89773559570312,294.0159912109375,349.7380676269531,425.3911437988281,69.169921875
2022-02-09,172.7164306640625,161.1894989013672,731.268310546875,71.28679656982422,171.2100067138672,140.48081970214844,300.4356689453125,357.1492919921875,431.6172180175781,68.83879089355469
2022-02-10,168.64048767089844,159.0034942626953,699.9578247070312,70.63438415527344,170.55999755859375,139.89773559570312,291.91143798828125,349.0661926269531,423.8629150390625,68.17655181884766
2022-02-11,165.23085021972656,153.2935028076172,694.8306884765625,71.09545135498047,173.80999755859375,138.07666015625,284.8255615234375,337.9931945800781,415.5049133300781,69.89315795898438
2022-02-14,165.4659881591797,155.16700744628906,683.8753051757812,70.6952896118164,174.74000549316406,136.79391479492188,284.7869567871094,338.41192626953125,414.146484375,68.82137298583984
2022-02-15,169.29693603515625,156.510498046875,702.6561889648438,70.54740142822266,173.0800018310547,138.79437255859375,290.067626953125,346.826171875,420.8253479003906,67.95870208740234
2022-02-16,169.0618133544922,158.10049438476562,704.662109375,70.64310455322266,174.86000061035156,139.04551696777344,289.72894287109375,346.738525390625,421.2970275878906,68.27240753173828
2022-02-17,165.4659881591797,154.65249633789062,685.8450927734375,70.7996597290039,177.25,135.8429718017578,281.2450866699219,336.4252624511719,412.29754638671875,68.16783905029297
2022-02-18,163.91795349121094,152.60150146484375,680.0165405273438,70.92146301269531,177.1199951171875,136.47988891601562,278.5364990234375,332.588134765625,409.6279296875,67.40974426269531
2022-02-22,160.99818420410156,150.19749450683594,670.5361328125,70.87797546386719,177.49000549316406,136.2377166748047,278.3332824707031,329.24774169921875,405.2319030761719,66.62550354003906
2022-02-23,156.83412170410156,144.82699584960938,658.8519897460938,70.52130889892578,178.2899932861328,133.38502502441406,271.1263732910156,320.81396484375,398.04364013671875,66.89561462402344
2022-02-24,159.4501495361328,151.35800170898438,658.222412109375,70.6778793334961,177.13999938964844,129.6711883544922,284.9791564941406,331.5947570800781,404.0338134765625,66.05038452148438
2022-02-25,161.5174560546875,153.7884979248047,675.38427734375,70.73877716064453,176.5500030517578,132.7391357421875,287.6103820800781,336.7368469238281,412.9484558105469,67.82799530029297
2022-02-28,161.7820281982422,153.56300354003906,669.1061401367188,71.26069641113281,178.3800048828125,127.2042236328125,289.042236328125,337.73992919921875,411.89190673828125,68.3333969116211
2022-03-01,159.90081787109375,151.14199829101562,642.9493408203125,71.63448333740234,181.6199951171875,122.4049072265625,285.32745361328125,332.5686340332031,405.61871337890625,68.9869384765625
2022-03-02,163.1929168701172,152.05250549316406,663.8440551757812,70.7544937133789,179.72999572753906,124.94364929199219,290.396484375,338.1490173339844,413.08050537109375,70.17201232910156
2022-03-03,162.8695831298828,147.89849853515625,663.5472412109375,71.06814575195312,180.8000030517578,124.0555419921875,286.2658386230469,333.318603515625,411.0240478515625,70.61640167236328
2022-03-04,159.87142944335938,145.64100646972656,630.7333984375,71.32083892822266,183.67999267578125,120.56595611572266,280.4034423828125,328.4881286621094,407.6846008300781,73.27411651611328
2022-03-07,156.07968139648438,137.4530029296875,613.0588989257812,70.97234344482422,186.41000366210938,115.91017150878906,269.8106994628906,316.373046875,395.6663818359375,75.91438293457031
2022-03-08,154.25726318359375,136.01449584960938,600.2013549804688,70.6412353515625,191.50999450683594,115.09381866455078,266.8505859375,314.902587890625,392.6665954589844,76.489501953125
2022-03-09,159.6558837890625,139.2790069580078,627.7091064453125,70.4495849609375,185.82000732421875,119.70474243164062,279.08782958984375,326.2384033203125,403.1942443847656,72.14131164550781
2022-03-10,155.3154296875,146.8175048828125,631.2857666015625,70.07494354248047,186.39999389648438,118.28738403320312,276.2727966308594,322.6156921386719,401.3736267089844,74.3807601928711
2022-03-11,151.60206604003906,145.52450561523438,622.0863037109375,70.02269744873047,185.08999633789062,115.62308502197266,270.932861328125,315.9251403808594,396.2700500488281,73.99735260009766
2022-03-14,147.57513427734375,141.85299682617188,631.5845947265625,69.3779067993164,182.3000030517578,116.77133178710938,267.4212951660156,309.8579406738281,393.3740234375,71.34835815429688
2022-03-15,151.95477294921875,147.3665008544922,640.765869140625,69.4912109375,178.88999938964844,118.84357452392578,277.7819519042969,319.5771789550781,402.0245666503906,67.28775024414062
2022-03-16,156.36378479003906,153.10400390625,661.9898071289062,69.5957260131836,180.00999450683594,124.15419006347656,284.7856750488281,331.42926025390625,410.93914794921875,67.03504943847656
2022-03-17,157.3730010986328,157.23899841308594,670.8814086914062,69.65674591064453,180.88999938964844,125.72406005859375,285.5886535644531,335.4416198730469,416.080322265625,68.82137298583984
2022-03-18,160.6650848388672,161.25050354003906,668.7627563476562,69.85711669921875,179.3000030517578,125.67919158935547,290.6286315917969,342.307373046875,420.6375732421875,68.55123901367188
2022-03-21,162.03677368164062,161.4915008544922,664.4527587890625,69.14266967773438,180.6699981689453,125.2755126953125,289.40008544921875,341.35565185546875,420.51458740234375,71.62720489501953
2022-03-22,165.40721130371094,164.88900756835938,676.2598266601562,68.96844482421875,179.36000061035156,127.9398422241211,294.1402587890625,348.0642395019531,425.43524169921875,71.31350708007812
2022-03-23,166.76913452148438,163.4080047607422,666.8340454101562,69.28209686279297,181.80999755859375,125.39214324951172,289.7193603515625,343.0621032714844,419.9563293457031,72.43757629394531
2022-03-24,170.55111694335938,163.64950561523438,668.4820556640625,69.19498443603516,183.1300048828125,126.20848083496094,294.178955078125,350.687255859375,426.2868957519531,72.65541076660156
2022-03-25,171.18795776367188,164.77349853515625,670.98095703125,68.5851058959961,182.3800048828125,127.31185913085938,293.7725830078125,350.39471435546875,428.36859130859375,74.24134063720703
2022-03-28,172.05015563964844,168.99049377441406,678.9853515625,68.78548431396484,179.05999755859375,126.36994934082031,300.5636291503906,355.816162109375,431.4156188964844,72.15874481201172
2022-03-29,175.3422393798828,169.31500244140625,700.1369018554688,69.09041595458984,179.13999938964844,126.64801788330078,305.1199951171875,361.9397277832031,436.7525939941406,71.77533721923828
2022-03-30,174.17630004882812,166.30099487304688,703.8673095703125,69.24725341796875,180.5800018310547,126.07392883300781,303.6204528808594,357.9418640136719,434.0557556152344,73.00399780273438
2022-03-31,171.08018493652344,162.99749755859375,691.9242553710938,69.29952239990234,180.64999389648438,122.28828430175781,298.2515563964844,353.5052490234375,427.37506103515625,71.96703338623047
2022-04-01,170.78623962402344,163.55999755859375,696.98583984375,69.14925384521484,179.5,121.38225555419922,299.3254089355469,352.8324890136719,428.5862731933594,72.42886352539062
2022-04-04,174.83273315429688,168.34649658203125,708.27685546875,69.20169830322266,180.3699951171875,121.92051696777344,304.69427490234375,360.09674072265625,432.2578430175781,72.46372985839844
2022-04-05,171.5210723876953,164.05499267578125,692.1597290039062,68.50293731689453,179.24000549316406,120.50167083740234,300.73779296875,352.1011657714844,426.7978210449219,72.08902740478516
2022-04-06,168.3563690185547,158.75599670410156,674.7748413085938,68.29332733154297,179.66000366210938,118.82978820800781,289.72894287109375,344.4565124511719,422.5301208496094,72.89068603515625
2022-04-07,168.6601104736328,157.7845001220703,678.0889282226562,68.15357971191406,180.33999633789062,118.46830749511719,291.5379333496094,345.2755432128906,424.65924072265625,74.1106185913086
2022-04-08,166.6515350341797,154.4604949951172,666.5081176757812,67.78671264648438,181.47000122070312,120.63723754882812,287.28155517578125,340.4488830566406,423.52374267578125,75.6703872680664
2022-04-11,162.39927673339844,151.1219940185547,659.5179443359375,67.47230529785156,182.3699951171875,120.19440460205078,275.95355224609375,332.394775390625,416.2847900390625,73.06497955322266
2022-04-12,164.2706756591797,150.78750610351562,649.0598754882812,67.69065856933594,183.77000427246094,118.87498474121094,272.85791015625,330.9906921386719,414.7423400878906,74.58987426757812
2022-04-13,166.95526123046875,155.54100036621094,648.0729370117188,67.76927185058594,184.64999389648438,115.043212890625,278.2366027832031,337.71868896484375,419.4925537109375,75.64424133300781
2022-04-14,161.94859313964844,151.7064971923828,623.1094970703125,67.30635833740234,184.0399932861328,113.97683715820312,270.70074462890625,329.9960632324219,414.2691955566406,76.5330581665039
2022-04-18,161.73306274414062,152.78500366210938,615.7119140625,67.08802032470703,184.61000061035156,116.09153747558594,271.36822509765625,330.2496643066406,414.439453125,77.16044616699219
2022-04-19,164.0159149169922,158.11549377441406,635.24267578125,66.66876983642578,181.82000732421875,118.49541473388672,275.9922790527344,337.6310119628906,421.12969970703125,76.4720687866211
2022-04-20,163.849365234375,153.9980010986328,632.9154052734375,67.08802032470703,182.7100067138672,118.91114807128906,277.0177001953125,332.7067565917969,420.8173522949219,76.64630889892578
2022-04-21,163.0557098388672,148.29600524902344,617.033935546875,66.72992706298828,182.05999755859375,117.98934173583984,271.6487731933594,325.8227844238281,414.5246276855469,75.83595275878906
2022-04-22,158.51931762695312,144.35000610351562,600.2648315429688,66.64256286621094,180.2899932861328,114.60039520263672,265.0899353027344,317.2908630371094,403.1505126953125,74.18034362792969
2022-04-25,159.58731079101562,146.07400512695312,605.0999145507812,67.06179809570312,177.0500030517578,114.56423950195312,271.5616760253906,321.36663818359375,405.4877624511719,71.67948150634766
2022-04-26,153.63018798828125,139.39100646972656,585.8770751953125,67.23651885986328,177.32000732421875,111.17530822753906,261.40423583984375,309.2366943359375,393.7444763183594,71.70563507080078
2022-04-27,153.40484619140625,138.16700744628906,582.22802734375,67.0268783569336,175.97999572753906,109.72936248779297,273.98016357421875,308.8661804199219,394.8515930175781,73.75335693359375
2022-04-28,160.33193969726562,144.59649658203125,589.4263305664062,67.00065612792969,176.92999267578125,111.4645004272461,280.1809997558594,319.8357849121094,404.8253479003906,75.9841079711914
2022-04-29,154.46302795410156,124.28150177001953,565.6218872070312,66.54647827148438,176.91000366210938,107.86770629882812,268.4660339355469,305.4435729980469,389.86480712890625,74.28490447998047
2022-05-02,154.76675415039062,124.5,565.7306518554688,66.20609283447266,173.6300048828125,108.85273742675781,275.1893615722656,310.54327392578125,392.2115173339844,75.29570770263672
2022-05-03,156.25601196289062,124.25350189208984,571.3988037109375,66.36359405517578,174.08999633789062,111.18434143066406,272.5870666503906,310.8747863769531,394.0094909667969,76.84675598144531
2022-05-04,162.66387939453125,125.92849731445312,602.3382568359375,66.79236602783203,175.8000030517578,114.8624496459961,280.51959228515625,321.3861999511719,406.00823974609375,79.9052963256836
2022-05-05,153.60079956054688,116.40699768066406,573.8887939453125,66.12736511230469,175.1300048828125,111.98863983154297,268.3016357421875,305.19976806640625,391.5774841308594,78.6940689086914
2022-05-06,154.32693481445312,114.77249908447266,569.189453125,65.84728240966797,175.4199981689453,111.80789184570312,265.76708984375,301.543212890625,389.240234375,79.8965835571289
2022-05-09,149.2049560546875,108.78900146484375,548.3094482421875,66.14482879638672,172.8800048828125,110.12699890136719,255.94818115234375,289.7448425292969,376.77783203125,73.59651947021484
2022-05-10,151.60894775390625,108.85900115966797,552.5380249023438,66.33733367919922,171.4199981689453,107.44294738769531,260.7076721191406,293.26483154296875,377.6484069824219,74.08448028564453
2022-05-11,143.74932861328125,105.37200164794922,543.592041015625,66.56485748291016,172.82000732421875,106.76514434814453,252.04966735839844,284.5671691894531,371.6490478515625,75.62682342529297
2022-05-12,139.88333129882812,106.93049621582031,543.6373291015625,66.69611358642578,170.1699981689453,106.67478942871094,247.01939392089844,283.8943176269531,371.260986328125,75.97013854980469
2022-05-13,144.34786987304688,113.05500030517578,557.15576171875,66.45112609863281,168.7899932861328,107.62369537353516,252.6011199951172,294.41534423828125,380.1371154785156,78.22370910644531
2022-05-16,142.80735778808594,110.81050109863281,542.0075073242188,66.55609893798828,170.39999389648438,106.87362670898438,252.9687042236328,291.0027160644531,378.5947265625,80.06355285644531
2022-05-17,146.43788146972656,115.36849975585938,553.8870849609375,66.16236114501953,169.3300018310547,110.41619110107422,258.11517333984375,298.5399475097656,386.3824462890625,81.08470916748047
2022-05-18,138.17599487304688,107.11250305175781,535.90478515625,66.44237518310547,169.4199981689453,108.52741241455078,246.36329650878906,283.8846435546875,370.8067932128906,79.7994613647461
2022-05-19,134.77114868164062,107.31900024414062,537.0094604492188,66.58234405517578,171.91000366210938,106.9188003540039,245.45181274414062,282.3634338378906,368.5357360839844,80.2308120727539
2022-05-20,135.00662231445312,107.59100341796875,543.673583984375,66.78362274169922,172.02999877929688,106.04216766357422,244.88941955566406,281.48583984375,368.69659423828125,80.8646240234375
2022-05-23,140.4229736328125,107.55699920654297,553.6969604492188,66.54736328125,172.8300018310547,112.6031723022461,252.73377990722656,286.16632080078125,375.59490966796875,82.65164184570312
2022-05-24,137.724609375,104.0999984741211,559.8903198242188,67.0898666381836,174.1300048828125,114.19373321533203,251.73501586914062,280.08172607421875,372.727783203125,83.10059356689453
2022-05-25,137.88162231445312,106.7750015258789,567.3604125976562,67.36116027832031,173.0800018310547,114.98899841308594,254.54693603515625,284.0016174316406,376.0207824707031,84.7731704711914
2022-05-26,141.08038330078125,111.07749938964844,590.7575073242188,67.2911376953125,172.75999450683594,116.97716522216797,257.8243408203125,291.8704528808594,383.53424072265625,85.07247924804688
2022-05-27,146.83038330078125,115.14649963378906,603.5154418945312,67.48365020751953,172.85000610351562,118.63096618652344,264.94134521484375,301.39697265625,392.9496765136719,85.90876007080078
2022-05-31,146.04537963867188,120.20950317382812,605.8242797851562,67.09862518310547,171.13999938964844,119.49854278564453,263.61297607421875,300.5974426269531,390.744873046875,84.50909423828125
2022-06-01,145.91781616210938,121.68399810791016,598.0645141601562,66.79878234863281,172.22999572753906,117.40192413330078,264.1462707519531,298.3742370605469,387.58428955078125,86.12882995605469
2022-06-02,148.3708953857422,125.51100158691406,621.5881958007812,66.86017608642578,174.35000610351562,119.29068756103516,266.24066162109375,306.5454406738281,394.9652404785156,85.97917938232422
2022-06-03,142.6503448486328,122.3499984741211,612.5875244140625,66.76372528076172,172.5800018310547,117.62785339355469,261.8191833496094,298.5693359375,388.4832458496094,87.22920989990234
2022-06-06,143.39608764648438,124.79000091552734,615.8705444335938,66.36915588378906,171.82000732421875,117.23925018310547,260.58770751953125,299.5638427734375,389.666015625,87.00914001464844
2022-06-07,145.91781616210938,123.0,619.7644653320312,66.5971450805664,172.94000244140625,117.5465087890625,264.223876953125,302.14788818359375,393.4038391113281,90.99691772460938
2022-06-08,145.18194580078125,121.18000030517578,604.078857421875,66.32537078857422,172.77999877929688,115.67582702636719,262.19732666015625,299.9734191894531,389.126708984375,92.07087707519531
2022-06-09,139.96180725097656,116.1500015258789,601.7444458007812,66.2376937866211,172.22999572753906,113.24479675292969,256.74798583984375,291.938720703125,379.8721618652344,90.08140563964844
2022-06-10,134.55528259277344,109.6500015258789,563.2787475585938,65.67657470703125,174.5399932861328,108.03939819335938,245.30638122558594,281.6419372558594,368.8575134277344,88.43522644042969
2022-06-13,129.40382385253906,103.66999816894531,545.9974975585938,64.61570739746094,169.92999267578125,104.82215881347656,234.90225219726562,268.54656982421875,354.8526611328125,84.37702941894531
2022-06-14,130.26730346679688,102.30999755859375,539.1669921875,64.26502227783203,168.57000732421875,103.07798767089844,237.0645294189453,269.0341491699219,353.7833557128906,84.59710693359375
2022-06-15,132.88717651367188,107.66999816894531,547.0736083984375,65.00146484375,170.77000427246094,104.29801177978516,244.1137237548828,275.75238037109375,358.8269958496094,83.53193664550781
2022-06-16,127.61801147460938,103.66000366210938,534.1878662109375,65.14176940917969,172.69000244140625,102.50865173339844,237.5299530029297,264.6268005371094,346.9512023925781,80.45088195800781
2022-06-17,129.08984375,106.22000122070312,530.9868774414062,65.17681121826172,171.27000427246094,102.14717864990234,240.12852478027344,267.84454345703125,347.6991882324219,75.81169128417969
2022-06-21,133.31887817382812,108.68000030517578,560.42431640625,64.87874603271484,170.6300048828125,104.67756652832031,246.03358459472656,274.6020812988281,356.4519958496094,80.53011322021484
2022-06-22,132.80865478515625,108.94999694824219,555.6275024414062,65.41353607177734,171.30999755859375,104.09015655517578,245.442138671875,274.2015686035156,355.8057861328125,77.34342193603516
2022-06-23,135.67384338378906,112.44000244140625,569.6988525390625,65.72917175292969,170.25999450683594,102.95146942138672,250.99807739257812,278.2852478027344,359.29364013671875,75.01061248779297
2022-06-24,139.0001983642578,116.45999908447266,590.7373657226562,65.6064224243164,170.08999633789062,106.02410888671875,259.56964111328125,287.8203430175781,370.7168884277344,76.49832153320312
2022-06-27,139.0001983642578,113.22000122070312,580.8336791992188,65.29083251953125,169.89999389648438,105.17461395263672,256.844970703125,285.7100830078125,369.30096435546875,78.37336730957031
2022-06-28,134.85943603515625,107.4000015258789,573.7205810546875,65.32589721679688,169.6199951171875,104.66853332519531,248.6903839111328,277.0054016113281,361.7550048828125,80.54771423339844
2022-06-29,136.6158447265625,108.91999816894531,563.5432739257812,65.70287322998047,169.49000549316406,104.1986083984375,252.35557556152344,277.2594299316406,361.4604187011719,77.57230377197266
2022-06-30,134.1529998779297,106.20999908447266,555.40869140625,65.98343658447266,168.4600067138672,101.76761627197266,249.0297088623047,273.8205871582031,358.5238342285156,75.38914489746094
2022-07-01,136.32144165039062,109.55999755859375,562.3942260742188,66.50962829589844,168.32000732421875,103.0689697265625,251.69622802734375,275.62786865234375,362.3157653808594,77.0705337524414
2022-07-05,138.90206909179688,113.5,566.0601196289062,66.62382507324219,164.75,102.67691040039062,254.8668975830078,280.3465881347656,363.0000305175781,74.65847778320312
2022-07-06,140.23654174804688,114.33000183105469,560.6066284179688,66.21974182128906,162.13999938964844,102.01138305664062,258.12481689453125,282.1441955566406,364.2259826660156,73.31163024902344
2022-07-07,143.60214233398438,116.33000183105469,568.7777709960938,66.0352554321289,162.22999572753906,104.59152221679688,260.24835205078125,288.1817932128906,369.6810302734375,75.65324401855469
2022-07-08,144.27919006347656,115.54000091552734,565.0022583007812,65.81563568115234,162.3000030517578,104.2633056640625,259.53082275390625,288.5432434082031,369.3769226074219,75.77647399902344
2022-07-11,142.14990234375,111.75,551.7244262695312,66.06158447265625,161.42999267578125,102.89574432373047,256.4764709472656,282.3786926269531,365.1573486328125,75.38914489746094
2022-07-12,143.12132263183594,109.22000122070312,550.1650390625,66.1758041381836,160.8300018310547,102.99600982666016,245.96571350097656,279.6431579589844,361.92608642578125,74.38558959960938
2022-07-13,142.75828552246094,110.4000015258789,543.863525390625,66.38665008544922,161.60000610351562,102.02960968017578,245.0445556640625,279.0667724609375,360.025390625,74.68489837646484
2022-07-14,145.68234252929688,110.62999725341797,536.7960205078125,66.1758041381836,159.3300018310547,98.4648208618164,246.36329650878906,280.0632629394531,359.151123046875,73.18838500976562
2022-07-15,147.3504180908203,113.55000305175781,547.502197265625,66.41300201416016,159.00999450683594,102.977783203125,248.9230499267578,285.14349365234375,366.0127258300781,74.42080688476562
2022-07-18,144.30865478515625,113.76000213623047,544.9122924804688,66.21092987060547,159.16000366210938,101.92020416259766,246.52810668945312,282.7303466796875,362.99053955078125,75.79408264160156
2022-07-19,148.16482543945312,118.20999908447266,573.0092163085938,66.15824890136719,159.5399932861328,104.4456558227539,251.6477508544922,291.42523193359375,372.7982177734375,77.7043228149414
2022-07-20,150.1665496826172,122.7699966430664,578.8364868164062,66.09675598144531,158.0399932861328,104.42740631103516,254.30447387695312,296.0462646484375,375.1741027832031,78.55823516845703
2022-07-21,152.4331512451172,124.62999725341797,583.0132446289062,66.64140319824219,160.27000427246094,105.13853454589844,256.7964782714844,300.2960205078125,378.99462890625,77.24658203125
2022-07-22,151.19683837890625,122.41999816894531,577.8424682617188,67.18603515625,160.6699981689453,104.62799072265625,252.4525604248047,295.0301818847656,375.478271484375,76.65678405761719
2022-07-25,150.07823181152344,121.13999938964844,580.1312866210938,66.94007110595703,160.22999572753906,105.04737091064453,250.96896362304688,293.3498840332031,375.9344482421875,79.20965576171875
2022-07-26,148.75355529785156,114.80999755859375,568.0848388671875,66.95764923095703,160.0399932861328,103.4062728881836,244.24948120117188,287.5858154296875,371.48675537109375,78.90153503417969
2022-07-27,153.8461151123047,120.97000122070312,586.670166015625,67.14212799072266,161.6699981689453,105.06562042236328,260.5780029296875,299.7391052246094,381.1329345703125,80.60933685302734
2022-07-28,154.3956298828125,122.27999877929688,601.8629150390625,67.60770416259766,163.63999938964844,104.67357635498047,268.01507568359375,302.6700134277344,385.91326904296875,81.55126190185547
2022-07-29,159.45872497558594,134.9499969482422,610.2528076171875,67.55501556396484,164.10000610351562,105.17501831054688,272.21356201171875,308.1898193359375,391.53936767578125,85.3277587890625
2022-08-01,158.47747802734375,135.38999938964844,612.2682495117188,67.84815979003906,165.02999877929688,104.12654876708984,269.5664978027344,308.004150390625,390.3799133300781,83.17102813720703
2022-08-02,157.00564575195312,134.16000366210938,607.498779296875,67.16156005859375,164.0500030517578,102.50370025634766,266.473388671875,307.0858154296875,387.804443359375,82.81009674072266
2022-08-03,163.0107879638672,139.52000427246094,629.7320556640625,67.49603271484375,164.4499969482422,103.57952117919922,273.89105224609375,315.4485778808594,393.87725830078125,80.12517547607422
2022-08-04,162.69676208496094,142.57000732421875,634.72021484375,67.66328430175781,167.1699981689453,102.43987274169922,275.0352478027344,316.92376708984375,393.6112060546875,76.75360870361328
2022-08-05,162.4707489013672,140.8000030517578,634.6472778320312,66.89749145507812,165.2899932861328,105.53968811035156,274.31768798828125,314.33477783203125,392.9458923339844,77.86278533935547
2022-08-08,161.99911499023438,139.41000366210938,634.9574584960938,67.19676971435547,166.69000244140625,104.25418853759766,271.8062744140625,313.31878662109375,392.48968505859375,78.30294036865234
2022-08-09,162.0482635498047,137.8300018310547,635.1763305664062,67.0471420288086,167.1999969482422,105.19324493408203,273.72625732421875,309.7723693847656,390.93115234375,79.74664306640625
2022-08-10,166.2930450439453,142.69000244140625,661.348876953125,67.23200225830078,166.77999877929688,107.93750762939453,280.3778991699219,318.41839599609375,399.1422424316406,80.50370025634766
2022-08-11,165.55609130859375,140.63999938964844,664.4861450195312,66.85348510742188,166.33999633789062,109.53299713134766,278.30279541015625,316.61114501953125,399.1422424316406,82.8324966430664
2022-08-12,169.1032257080078,143.5500030517578,685.6248779296875,67.16156005859375,167.8699951171875,111.34728240966797,283.0443420410156,322.77569580078125,405.8993835449219,83.55248260498047
2022-08-15,170.1742706298828,143.17999267578125,689.2635498046875,67.23200225830078,165.7100067138672,111.6481704711914,284.55694580078125,325.3841552734375,407.5719299316406,82.0592041015625
2022-08-16,170.01702880859375,144.77999877929688,690.4033813476562,67.1439437866211,165.4199981689453,112.7148666381836,283.8200378417969,324.6221618652344,408.370361328125,81.29478454589844
2022-08-17,171.51055908203125,142.10000610351562,677.77294921875,66.74784851074219,164.35000610351562,111.76667785644531,283.07177734375,320.91943359375,405.4716796875,81.95252227783203
2022-08-18,171.11752319335938,142.3000030517578,679.596923828125,66.87107849121094,163.9199981689453,110.90055847167969,281.9543762207031,321.6912841796875,406.65008544921875,83.89022064208984
2022-08-19,168.5333251953125,138.22999572753906,650.9892578125,66.44854736328125,162.72000122070312,108.15631103515625,278.0481872558594,315.4192199707031,401.1855773925781,83.62360382080078
2022-08-22,164.65213012695312,133.22000122070312,633.8446044921875,66.14928436279297,161.63999938964844,106.36933898925781,269.8860778808594,307.1151428222656,392.8319091796875,83.56137084960938
2022-08-23,164.31802368164062,133.6199951171875,635.595703125,66.12288665771484,162.77000427246094,105.32087707519531,268.6131591796875,306.86114501953125,391.8815612792969,87.10790252685547
2022-08-24,164.61280822753906,133.8000030517578,638.74169921875,65.95564270019531,163.25,105.57617950439453,267.98150634765625,307.7500915527344,393.1360168457031,87.62344360351562
2022-08-25,167.06927490234375,137.27999877929688,648.0253295898438,66.3165283203125,163.75,108.08338165283203,270.95489501953125,313.1917419433594,398.68609619140625,88.0767593383789
2022-08-26,160.77088928222656,130.75,616.8735961914062,66.18450927734375,161.75999450683594,104.54593658447266,260.4995422363281,300.35467529296875,385.1910095214844,86.99234771728516
2022-08-29,158.56988525390625,129.7899932861328,616.3720703125,65.88524627685547,161.86000061035156,104.29064178466797,257.7204895019531,297.39447021484375,382.64398193359375,88.99227905273438
2022-08-30,156.14291381835938,128.72999572753906,613.4810791015625,65.93804931640625,160.50999450683594,104.30886840820312,255.5245361328125,294.0825500488281,378.44342041015625,85.60572814941406
2022-08-31,154.48236083984375,126.7699966430664,607.70849609375,65.66517639160156,159.27000427246094,103.68891906738281,254.06695556640625,292.3729248046875,375.5638122558594,84.96575927734375
2022-09-01,155.20944213867188,127.81999969482422,606.30419921875,65.30879974365234,157.8699951171875,104.40005493164062,253.02725219726562,292.4998779296875,376.7422790527344,83.43692016601562
2022-09-02,153.09686279296875,127.51000213623047,600.1121215820312,65.4764175415039,159.25999450683594,103.67070007324219,248.81015014648438,288.3674011230469,372.76971435546875,84.96575927734375
2022-09-06,151.83920288085938,126.11000061035156,607.8755493164062,64.88542938232422,158.3300018310547,103.69802856445312,246.0797119140625,286.29620361328125,371.3631896972656,84.39688873291016
2022-09-07,153.24427795410156,129.47999572753906,619.4427490234375,65.35292053222656,159.94000244140625,105.66734313964844,250.78265380859375,292.079833984375,378.0347900390625,83.67691040039062
2022-09-08,151.77041625976562,129.82000732421875,635.7045288085938,65.15003204345703,158.97999572753906,108.12895965576172,251.20053100585938,293.59405517578125,380.50567626953125,84.36134338378906
2022-09-09,154.62973022460938,133.27000427246094,638.95703125,65.1235580444336,159.82000732421875,108.64862823486328,256.9722900390625,300.01263427734375,386.4169921875,85.7746353149414
2022-09-12,160.58421325683594,136.4499969482422,640.1973266601562,65.04417419433594,160.6300048828125,109.93415069580078,259.100341796875,303.57855224609375,390.57000732421875,86.76124572753906
2022-09-13,151.1612091064453,126.81999969482422,592.5139770507812,64.71781921386719,158.5399932861328,106.11406707763672,244.85537719726562,286.9312744140625,373.58709716796875,84.73465728759766
2022-09-14,152.6055908203125,128.5500030517578,591.2920532226562,64.7972183227539,157.92999267578125,105.867919921875,245.07884216308594,289.2075500488281,375.0125732421875,86.81456756591797
2022-09-15,149.71676635742188,126.27999877929688,580.9652709960938,64.60314178466797,154.97999572753906,107.46341705322266,238.43247985839844,284.3912353515625,370.7549743652344,84.29021453857422
2022-09-16,148.0758819580078,123.52999877929688,575.8201904296875,64.5325927734375,155.83999633789062,106.74315643310547,237.81060791015625,282.6521911621094,367.9264831542969,82.85028076171875
2022-09-19,151.79005432128906,124.66000366210938,583.1611328125,64.48848724365234,155.9600067138672,107.72781372070312,237.5968780517578,284.85333251953125,370.77978515625,82.84138488769531
2022-09-20,154.16787719726562,122.19000244140625,571.7501831054688,64.17092895507812,155.07000732421875,105.60350799560547,235.5854949951172,282.582763671875,366.523681640625,82.16587829589844
2022-09-21,151.04330444335938,118.54000091552734,558.685546875,64.34737396240234,155.7899932861328,102.55840301513672,232.18458557128906,277.5227966308594,360.1301574707031,80.84146881103516
2022-09-22,150.08035278320312,117.30999755859375,551.7119140625,63.68579864501953,155.6999969482422,101.39142608642578,234.15713500976562,274.1071472167969,357.1051330566406,80.50370025634766
2022-09-23,147.81053161621094,113.77999877929688,543.3422241210938,63.50938034057617,153.00999450683594,99.50418090820312,231.1837158203125,269.64422607421875,351.1219482421875,76.21941375732422
2022-09-26,148.1446533203125,115.1500015258789,537.14990234375,62.69785690307617,151.22999572753906,97.36163330078125,230.7270050048828,268.5284729003906,347.6484375,74.64612579345703
2022-09-27,149.1173858642578,114.41000366210938,531.5913696289062,62.42442321777344,151.5399932861328,96.50464630126953,229.7164764404297,268.63616943359375,346.7608947753906,76.21051788330078
2022-09-28,147.2308349609375,118.01000213623047,537.866455078125,63.394710540771484,154.69000244140625,98.45570373535156,234.2445526123047,273.9798889160156,353.5838928222656,78.98374938964844
2022-09-29,139.99896240234375,114.80000305175781,518.1040649414062,63.06831741333008,154.66000366210938,96.78726196289062,230.77560424804688,266.08172607421875,346.1978759765625,78.82377624511719
2022-09-30,135.79351806640625,113.0,505.57220458984375,62.918373107910156,154.6699981689453,95.2738265991211,226.30587768554688,261.56982421875,340.84442138671875,77.60603332519531
2022-10-03,139.96949768066406,115.87999725341797,526.18896484375,63.44527816772461,158.42999267578125,98.21866607666016,233.92388916015625,267.7063903808594,349.8431396484375,81.70364379882812
2022-10-04,143.5559844970703,121.08999633789062,543.2594604492188,63.6043815612793,160.6999969482422,102.81367492675781,241.8334503173828,276.1231689453125,360.6836242675781,84.68133544921875
2022-10-05,143.85073852539062,120.94999694824219,535.7716674804688,63.268436431884766,159.80999755859375,101.54426574707031,242.1443634033203,275.9764404296875,359.8438720703125,88.10343170166016
2022-10-06,142.89761352539062,120.30000305175781,525.1692504882812,63.02977752685547,159.6300048828125,99.47455596923828,239.80259704589844,273.8037414550781,356.1317443847656,90.71666717529297
2022-10-07,137.6505889892578,114.55999755859375,505.6824035644531,62.70268630981445,157.8800048828125,97.48764038085938,227.6079559326172,263.37066650390625,346.1978759765625,89.80113220214844
2022-10-10,137.97486877441406,113.66999816894531,501.2171936035156,62.419822692871094,155.47999572753906,96.57697296142578,222.75921630859375,260.7379455566406,343.55462646484375,87.85453796386719
2022-10-11,136.5599365234375,112.20999908447266,487.98736572265625,62.43747329711914,155.16000366210938,93.7897720336914,219.02793884277344,257.1558837890625,341.37890625,87.10790252685547
2022-10-12,135.9311065673828,112.9000015258789,487.9504089355469,62.50819778442383,155.99000549316406,95.30754852294922,219.3583526611328,257.06781005859375,340.2528381347656,87.49010467529297
2022-10-13,140.50013732910156,112.52999877929688,520.042724609375,62.28721237182617,154.91000366210938,100.60599517822266,227.6079559326172,263.0965881347656,349.23248291015625,90.54779052734375
2022-10-14,135.97036743164062,106.9000015258789,506.1878662109375,61.986637115478516,152.97999572753906,102.28016662597656,222.08872985839844,255.1885986328125,341.27392578125,88.16563415527344
2022-10-17,139.93023681640625,113.79000091552734,523.0009765625,62.119266510009766,153.4199981689453,106.5759506225586,230.8048095703125,263.6153564453125,350.0435791015625,89.43670654296875
2022-10-18,141.24688720703125,116.36000061035156,533.8515625,62.26069641113281,153.75,109.31713104248047,231.74729919433594,265.699951171875,354.15643310546875,89.5967025756836
2022-10-19,141.35499572753906,115.06999969482422,530.9481811523438,61.74795913696289,151.69000244140625,107.17386627197266,229.78448486328125,264.7310485839844,351.646728515625,92.25436401367188
2022-10-20,140.8931427001953,115.25,525.8583374023438,61.33246994018555,151.4499969482422,106.82431030273438,229.4638214111328,263.38043212890625,348.6981201171875,92.37882232666016
2022-10-21,144.70556640625,119.31999969482422,548.7352905273438,61.43856430053711,154.14999389648438,112.43550872802734,235.2648162841797,269.5561218261719,357.17193603515625,94.09431457519531
2022-10-24,146.8476104736328,119.81999969482422,561.7632446289062,61.350135803222656,153.64999389648438,112.573486328125,240.2495574951172,272.5215759277344,361.5425109863281,94.7520751953125
2022-10-25,149.6873016357422,120.5999984741211,584.2726440429688,61.93357849121094,154.0,112.86784362792969,243.5630340576172,278.1589660644531,367.3157653808594,94.1120834350586
2022-10-26,146.74937438964844,115.66000366210938,585.9814453125,62.181114196777344,154.97999572753906,114.16484832763672,224.77059936523438,272.0127258300781,364.54840087890625,95.2320556640625
2022-10-27,142.27859497070312,110.95999908447266,596.2532958984375,62.50819778442383,154.74000549316406,114.61559295654297,220.3300323486328,267.0603942871094,362.6016845703125,95.59648132324219
2022-10-28,153.0281219482422,103.41000366210938,609.8233642578125,62.38444519042969,153.16000366210938,115.97699737548828,229.19178771972656,275.23260498046875,371.2283020019531,98.39636993408203
2022-10-31,150.66989135742188,102.44000244140625,593.4328002929688,62.1899528503418,151.91000366210938,115.79301452636719,225.5576629638672,272.03228759765625,368.5467529296875,98.49414825439453
2022-11-01,148.02671813964844,96.79000091552734,599.0280151367188,62.25465393066406,153.4600067138672,117.88111877441406,221.70977783203125,269.2527160644531,366.9341125488281,99.47188568115234
2022-11-02,142.5045928955078,92.12000274658203,586.9096069335938,62.15718078613281,152.38999938964844,116.79568481445312,213.8682861328125,260.0234680175781,357.72540283203125,97.42752075195312
2022-11-03,136.461669921875,89.30000305175781,582.31591796875,61.91795349121094,151.80999755859375,117.00724792480469,208.18394470214844,254.94403076171875,354.04193115234375,98.75191497802734
2022-11-04,136.1959686279297,90.9800033569336,602.8407592773438,61.93565368652344,156.47000122070312,120.20838165283203,215.12173461914062,259.0447082519531,359.1377258300781,99.82744598388672
2022-11-07,136.72743225097656,90.52999877929688,621.3536987304688,61.696441650390625,155.85000610351562,120.84310150146484,221.4182586669922,261.892822265625,362.5731201171875,101.0096206665039
2022-11-08,137.2982635498047,89.9800033569336,630.56884765625,61.97111892700195,159.4499969482422,120.91668701171875,222.38998413085938,263.80133056640625,364.5292663574219,101.32960510253906
2022-11-09,132.74134826660156,86.13999938964844,615.2164306640625,62.059688568115234,158.64999389648438,119.34373474121094,218.15342712402344,257.7137145996094,357.0192565917969,96.79644012451172
2022-11-10,144.5519561767578,96.62999725341797,698.078857421875,63.34450149536133,163.47999572753906,124.25580596923828,236.10047912597656,276.7300720214844,376.6389465332031,98.2186050415039
2022-11-11,147.3372802734375,100.79000091552734,711.8049926757812,63.34450149536133,164.55999755859375,124.45816040039062,240.11354064941406,281.8291320800781,380.2842712402344,101.28516387939453
2022-11-14,145.939697265625,98.48999786376953,680.9349975585938,63.14071273803711,164.9199981689453,123.17957305908203,234.71099853515625,279.36273193359375,377.04925537109375,101.58084869384766
2022-11-15,147.67190551757812,98.94000244140625,680.1632690429688,63.5837287902832,165.5,122.28731536865234,235.11907958984375,283.2286682128906,380.26513671875,102.26181030273438
2022-11-16,146.441650390625,97.12000274658203,667.9620971679688,63.9470329284668,165.1199951171875,122.45287322998047,235.54782104492188,279.36273193359375,377.3642578125,101.16868591308594
2022-11-17,148.3411865234375,94.8499984741211,662.7069091796875,63.68120574951172,163.9199981689453,121.9193344116211,235.49908447265625,278.7461853027344,376.2095031738281,101.3030776977539
2022-11-18,148.90219116210938,94.13999938964844,662.0636596679688,63.574886322021484,162.7899932861328,123.11517333984375,235.05087280273438,278.7559814453125,377.9176940917969,100.42498779296875
2022-11-21,145.67393493652344,92.45999908447266,664.9026489257812,63.574886322021484,161.8800048828125,122.38848876953125,235.85964965820312,275.88836669921875,376.54345703125,99.43041229248047
2022-11-22,147.8096923828125,93.19999694824219,673.860595703125,63.9027214050293,162.07000732421875,124.218994140625,238.76341247558594,279.8619079589844,381.61065673828125,102.30660247802734
2022-11-23,148.6856689453125,94.12999725341797,676.497314453125,64.29258728027344,163.0800018310547,125.54363250732422,241.2482147216797,282.6708679199219,384.0154724121094,101.79588317871094
2022-11-25,145.7723846435547,93.41000366210938,677.8386840820312,64.29258728027344,163.22000122070312,125.78279876708984,241.16050720214844,280.8112487792969,383.9295349121094,101.43749237060547
2022-11-28,141.9437713623047,93.94999694824219,662.578125,64.21284484863281,161.92999267578125,123.58432006835938,235.57705688476562,276.6908874511719,377.80322265625,98.39104461669922
2022-11-29,138.94192504882812,92.41999816894531,655.9906005859375,63.973602294921875,162.72999572753906,125.61723327636719,234.18362426757812,274.596435546875,377.1543273925781,99.04513549804688
2022-11-30,145.69363403320312,96.54000091552734,657.8281860351562,64.46981048583984,164.80999755859375,127.10739135742188,248.61485290527344,287.1141662597656,389.034912109375,99.76193237304688
2022-12-01,145.96922302246094,95.5,663.5061645507812,65.007080078125,167.83999633789062,125.32286071777344,248.17636108398438,287.46649169921875,388.7485656738281,99.27808380126953
2022-12-02,145.4771270751953,94.12999725341797,655.0537109375,65.27348327636719,167.25999450683594,124.32939147949219,248.4979248046875,286.32135009765625,388.3000793457031,98.43584442138672
2022-12-05,144.31573486328125,91.01000213623047,654.8515014648438,64.7584228515625,164.38999938964844,120.84310150146484,243.80120849609375,281.5159912109375,381.31488037109375,95.73884582519531
2022-12-06,140.6544647216797,88.25,657.0808715820312,64.97157287597656,164.83999633789062,121.04549407958984,238.8511199951172,275.6828308105469,375.8182373046875,93.07769012451172
2022-12-07,138.715576171875,88.45999908447266,656.0355834960938,65.53993225097656,166.3300018310547,120.96266174316406,238.12030029296875,274.55731201171875,375.1789245605469,92.87161254882812
2022-12-08,140.39852905273438,90.3499984741211,650.744140625,65.35342407226562,166.47000122070312,122.23213195800781,241.07278442382812,277.8066101074219,378.1180419921875,93.56153869628906
2022-12-09,139.9163055419922,89.08999633789062,653.9911499023438,64.97157287597656,167.05999755859375,121.56978607177734,239.14346313476562,276.03509521484375,375.29345703125,92.77304077148438
2022-12-12,142.2095184326172,90.55000305175781,656.1002807617188,64.97157287597656,165.67999267578125,123.45552062988281,246.05210876464844,279.499755859375,380.70416259765625,95.05787658691406
2022-12-13,143.17405700683594,92.48999786376953,669.9026489257812,65.41558074951172,168.50999450683594,123.33594512939453,250.34933471679688,282.50445556640625,383.5860290527344,96.09724426269531
2022-12-14,140.94972229003906,91.58000183105469,658.2188720703125,65.57543182373047,168.10000610351562,122.71965026855469,250.64166259765625,280.4100036621094,381.1335754394531,95.38941192626953
2022-12-15,134.34561157226562,88.44999694824219,645.8780517578125,65.6109619140625,165.35000610351562,119.67488098144531,242.64163208007812,270.99481201171875,371.81036376953125,94.4754638671875
2022-12-16,132.38705444335938,87.86000061035156,647.7651977539062,65.44224548339844,166.7899932861328,118.92976379394531,238.43209838867188,268.4110412597656,367.4207458496094,93.81241607666016
2022-12-19,130.2808074951172,84.91999816894531,640.595703125,65.0514907836914,166.32000732421875,119.63806915283203,234.30056762695312,264.6388244628906,364.3050842285156,94.23355102539062
2022-12-20,130.21189880371094,85.19000244140625,639.7540283203125,64.62521362304688,169.0800018310547,120.21759033203125,235.6160125732422,264.4328918457031,364.8036193847656,95.59548950195312
2022-12-21,133.31219482421875,86.7699966430664,659.532470703125,64.77620697021484,168.8000030517578,121.56978607177734,238.17877197265625,268.2687683105469,370.25836181640625,96.82301330566406
2022-12-22,130.1429901123047,83.79000091552734,650.6422119140625,64.76730346679688,166.75999450683594,120.19000244140625,232.09832763671875,261.70556640625,364.9761657714844,94.86971282958984
2022-12-23,129.77886962890625,85.25,651.2066040039062,64.56436157226562,167.25999450683594,120.76030731201172,232.62454223632812,262.29412841796875,367.0755920410156,97.37854766845703
2022-12-27,127.97772979736328,83.04000091552734,650.5775756835938,64.06585693359375,168.6699981689453,121.18345642089844,230.8998260498047,258.5857238769531,365.6280517578125,98.73152160644531
2022-12-28,124.05072021484375,81.81999969482422,647.866943359375,63.9768180847168,167.91000366210938,121.84576416015625,228.53196716308594,255.17164611816406,361.0840759277344,97.10973358154297
2022-12-29,127.56439208984375,84.18000030517578,662.501953125,64.2171630859375,168.85000610351562,122.54487609863281,234.84620666503906,261.3916015625,367.5837097167969,97.8444595336914
2022-12-30,127.87931060791016,84.0,655.5453491210938,63.95012283325195,169.63999938964844,123.35436248779297,233.68667602539062,261.2346496582031,366.61553955078125,98.83009338378906
2023-01-03,123.09602355957031,85.81999969482422,658.6997680664062,64.28842163085938,171.05999755859375,124.29261016845703,233.4528045654297,259.4687194824219,365.0720520019531,95.4342041015625
2023-01-04,124.36566162109375,85.13999938964844,667.8212280273438,64.6533432006836,172.6699981689453,125.45165252685547,223.24082946777344,260.70489501953125,367.8905334472656,95.71196746826172
2023-01-05,123.04679870605469,83.12000274658203,648.7089233398438,64.58214569091797,170.52000427246094,125.42381286621094,216.62445068359375,256.6236877441406,363.691650390625,97.85343933105469
2023-01-06,127.57421112060547,86.08000183105469,682.715087890625,65.29430389404297,173.7100067138672,127.82390594482422,219.17745971679688,263.70684814453125,372.0318298339844,99.03616333007812
2023-01-09,128.0958251953125,87.36000061035156,696.5821533203125,65.47232818603516,174.10000610351562,127.29569244384766,221.31143188476562,265.41387939453125,371.8208923339844,97.19039916992188
2023-01-10,128.6667022705078,89.87000274658203,700.5509033203125,65.21415710449219,174.74000549316406,128.43548583984375,222.99720764160156,267.6605224609375,374.4284362792969,98.64192199707031
2023-01-11,131.38314819335938,95.08999633789062,699.2926635742188,65.56134033203125,174.6199951171875,129.3899688720703,229.74026489257812,272.2910461425781,379.16412353515625,99.78883361816406
2023-01-12,131.3043975830078,95.2699966430664,697.4795532226562,66.0687255859375,176.63999938964844,129.26022338867188,232.41015625,273.7626037597656,380.5446472167969,101.44644165039062
2023-01-13,132.63304138183594,98.12000274658203,697.5071411132812,65.84619903564453,178.75999450683594,132.52207946777344,233.1117706298828,275.6462707519531,382.0209045410156,101.38372802734375
2023-01-17,133.79446411132812,96.05000305175781,693.56640625,65.7571792602539,177.58999633789062,130.47413635253906,234.20310974121094,276.2055358886719,381.3211364746094,101.18658447265625
2023-01-18,133.07598876953125,95.45999908447266,691.3739013671875,66.36249542236328,177.0800018310547,126.55439758300781,229.7792205810547,272.6148986816406,375.3008117675781,99.10784149169922
2023-01-19,133.1350555419922,93.68000030517578,675.194091796875,66.22898864746094,179.88999938964844,124.86785125732422,225.99842834472656,269.9365234375,372.5687255859375,99.74402618408203
2023-01-20,135.69400024414062,97.25,686.147216796875,65.93521118164062,179.2899932861328,125.17363739013672,234.076416015625,277.3238525390625,379.5092468261719,101.56292724609375
2023-01-23,138.88287353515625,97.5199966430664,691.984619140625,65.77497863769531,179.6300048828125,127.2030258178711,236.37608337402344,283.4848937988281,384.0628662109375,101.03427124023438
2023-01-24,140.2804412841797,96.31999969482422,695.7310180664062,66.0687255859375,180.27999877929688,128.29652404785156,235.849853515625,282.9060363769531,383.650634765625,101.97509002685547
2023-01-25,139.62103271484375,97.18000030517578,694.9725341796875,66.14884948730469,181.11000061035156,128.91732788085938,234.4564666748047,282.2781677246094,383.7944030761719,101.43749237060547
2023-01-26,141.6878662109375,99.22000122070312,702.0494995117188,66.02423095703125,179.47000122070312,129.7142791748047,241.65745544433594,287.7818603515625,388.012451171875,105.51434326171875
2023-01-27,143.6267852783203,102.23999786376953,702.3085327148438,65.95301818847656,179.22000122070312,130.0293426513672,241.8133544921875,290.6465759277344,388.904052734375,103.5879135131836
2023-01-30,140.74302673339844,100.55000305175781,691.8365478515625,65.76604461669922,178.75999450683594,128.9266357421875,236.50277709960938,284.77001953125,384.0245056152344,101.7510757446289
2023-01-31,142.0126495361328,103.12999725341797,702.3362426757812,66.0687255859375,179.41000366210938,129.69578552246094,241.47230529785156,289.03759765625,389.6710205078125,103.94630432128906
2023-02-01,143.1346435546875,105.1500015258789,705.5000610351562,66.4934310913086,181.6699981689453,129.3529052734375,246.28598022460938,295.2182922363281,393.8122863769531,102.8083724975586
2023-02-02,148.43960571289062,112.91000366210938,712.9933471679688,66.53807830810547,177.89999389648438,128.7505645751953,257.8328857421875,305.8136291503906,399.5450134277344,99.5916976928711
2023-02-03,152.0615234375,103.38999938964844,700.4397583007812,65.94915771484375,173.4600067138672,130.7428741455078,251.74278259277344,300.37860107421875,395.2981872558594,100.2816162109375
2023-02-06,149.33523559570312,102.18000030517578,686.7669677734375,65.53874206542969,173.82000732421875,131.5120086669922,250.20315551757812,297.837646484375,392.8823547363281,100.11138916015625
2023-02-07,152.2091522216797,102.11000061035156,685.3238525390625,65.44951629638672,173.97999572753906,133.1151580810547,260.7171630859375,304.0085144042969,398.020751953125,102.96965789794922
2023-02-08,149.522216796875,100.05000305175781,675.1848754882812,65.56547546386719,174.41000366210938,132.17922973632812,259.9084167480469,298.6028747558594,393.6684875488281,102.07364654541016
2023-02-09,148.48883056640625,98.23999786376953,662.3353271484375,65.29779815673828,173.02999877929688,130.12200927734375,256.87799072265625,295.9638366699219,390.2557067871094,102.45893096923828
2023-02-10,148.85354614257812,97.61000061035156,669.3106079101562,65.02120208740234,173.36000061035156,130.696533203125,256.3713073730469,294.0213317871094,391.1664123535156,106.77769470214844
2023-02-13,151.65298461914062,99.54000091552734,681.706787109375,65.19962310791016,172.47999572753906,132.11434936523438,264.381103515625,298.7304382324219,395.75836181640625,106.36236572265625
2023-02-14,151.0122833251953,99.69999694824219,674.5280151367188,64.97657012939453,172.61000061035156,132.69813537597656,265.2093200683594,300.9377746582031,395.57623291015625,105.1163558959961
2023-02-15,153.11183166503906,101.16000366210938,669.9396362304688,64.83378601074219,170.88999938964844,133.25413513183594,263.0895690917969,303.2432556152344,396.86083984375,104.80033874511719
2023-02-16,151.5149688720703,98.1500015258789,659.587890625,64.58394622802734,170.75,131.41934204101562,256.08538818359375,297.5531921386719,391.3965759277344,104.49334716796875
2023-02-17,150.37155151367188,97.19999694824219,662.5110473632812,64.72674560546875,171.25999450683594,131.80859375,252.0900115966797,295.4537658691406,390.41876220703125,100.47541809082031
2023-02-21,146.35968017578125,94.58000183105469,643.6300659179688,64.16459655761719,170.6199951171875,129.3899688720703,246.82470703125,288.4588317871094,382.5865173339844,100.37610626220703
2023-02-22,146.78350830078125,95.79000091552734,635.9149169921875,64.3073501586914,169.66000366210938,128.3984375,245.69154357910156,288.674560546875,382.05926513671875,99.075927734375
2023-02-23,147.26651000976562,95.81999969482422,640.0130004882812,64.53936004638672,169.57000732421875,129.427001953125,248.87611389160156,291.19598388671875,384.0916442871094,99.98785400390625
2023-02-24,144.61495971679688,93.5,632.2330322265625,64.18241882324219,168.35000610351562,130.5946044921875,243.45452880859375,286.32012939453125,379.9886169433594,99.99687957763672
2023-02-27,145.80767822265625,93.76000213623047,631.8908081054688,64.28949737548828,169.00999450683594,131.73440551757812,244.37278747558594,288.3704833984375,381.28277587890625,99.81631469726562
2023-02-28,145.30496215820312,94.2300033569336,637.7835083007812,64.3073501586914,169.77999877929688,132.8371124267578,243.64991760253906,287.99774169921875,379.87359619140625,99.23844146728516
2023-03-01,143.2349395751953,92.16999816894531,629.5780029296875,63.9263801574707,170.75999450683594,132.09580993652344,240.57278442382812,285.6824951171875,378.41644287109375,100.12328338623047
2023-03-02,143.8263702392578,92.12999725341797,634.5272216796875,63.79222869873047,170.66000366210938,130.72438049316406,245.30079650878906,288.0467224121094,381.359375,100.58377838134766
2023-03-03,148.87322998046875,94.9000015258789,643.1583862304688,64.28410339355469,172.49000549316406,133.12445068359375,249.38409423828125,294.0017395019531,387.4756774902344,101.85688018798828
2023-03-06,151.63328552246094,93.75,641.4345703125,64.13206481933594,171.6199951171875,132.34603881835938,250.92752075195312,294.3353271484375,387.74407958984375,102.75977325439453
2023-03-07,149.43511962890625,93.55000305175781,628.6409912109375,64.06050872802734,168.6199951171875,128.4540252685547,248.27047729492188,290.72503662109375,381.8004455566406,100.77337646484375
2023-03-08,150.68695068359375,93.91999816894531,628.3615112304688,64.0068588256836,168.5399932861328,127.69416809082031,247.8308868408203,292.177001953125,382.423583984375,99.3016357421875
2023-03-09,148.43954467773438,92.25,606.8557739257812,64.22148132324219,170.1999969482422,120.78125,246.48281860351562,287.11480712890625,375.3679504394531,98.53419494628906
2023-03-10,146.37937927246094,90.7300033569336,591.71435546875,64.99061584472656,173.8699951171875,123.84851837158203,242.83908081054688,283.0826721191406,369.9515686035156,97.31523895263672
2023-03-13,148.32125854492188,92.43000030517578,583.0858764648438,65.50933837890625,177.86000061035156,121.62451934814453,248.0457763671875,285.1820983886719,369.42425537109375,96.19564819335938
2023-03-14,150.41098022460938,94.87999725341797,594.3233032226562,65.09793090820312,176.8300018310547,124.74736785888672,254.75689697265625,291.7355651855469,375.5309143066406,96.55680847167969
2023-03-15,150.80526733398438,96.19999694824219,588.6486206054688,65.76869201660156,178.2100067138672,118.85379791259766,259.29925537109375,293.2659912109375,373.18218994140625,91.75334930419922
2023-03-16,153.62440490722656,100.04000091552734,593.5311889648438,65.4556655883789,178.57000732421875,121.16118621826172,269.8104248046875,300.9966735839844,379.729736328125,91.22062683105469
2023-03-17,152.7865753173828,98.94999694824219,593.2796020507812,65.92965698242188,183.77000427246094,116.5834732055664,272.96563720703125,299.57415771484375,375.28973388671875,90.14617156982422
2023-03-20,155.15228271484375,97.70999908447266,599.6624145507812,65.64347076416016,183.83999633789062,117.81593322753906,265.93218994140625,300.63720703125,378.89837646484375,92.50275421142578
2023-03-21,157.0054168701172,100.61000061035156,616.984375,65.46460723876953,180.3699951171875,120.9758529663086,267.4463806152344,304.9310607910156,383.87347412109375,96.6470947265625
2023-03-22,155.576171875,98.69999694824219,604.0977783203125,66.04592895507812,183.44000244140625,117.85299682617188,265.9908142089844,300.78472900390625,377.32977294921875,94.43498229980469
2023-03-23,156.6604461669922,98.70999908447266,607.32177734375,66.19795989990234,185.74000549316406,117.5379409790039,271.2366027832031,304.3514404296875,378.3498840332031,93.36955261230469
2023-03-24,157.96160888671875,98.12999725341797,600.8924560546875,66.33210754394531,183.64999389648438,115.7494888305664,274.07928466796875,305.4715576171875,380.83258056640625,93.47789764404297
2023-03-27,156.0197296142578,98.04000091552734,604.0977783203125,65.64347076416016,181.9499969482422,119.06694030761719,269.9861755371094,303.3786926269531,381.54461669921875,95.52751159667969
2023-03-28,155.39871215820312,97.23999786376953,602.1595458984375,65.52722930908203,183.44000244140625,119.42832946777344,268.8628234863281,301.7671813964844,380.688232421875,96.71932983398438
2023-03-29,158.4741668701172,100.25,612.390625,65.59879302978516,182.52999877929688,119.66925048828125,274.0206604003906,307.2696533203125,386.2214660644531,98.38067626953125
2023-03-30,160.04147338867188,102.0,615.9500732421875,65.68821716308594,184.17999267578125,119.30785369873047,277.4787292480469,310.17803955078125,388.4829406738281,98.85921478271484
2023-03-31,162.545166015625,103.29000091552734,623.4789428710938,66.02804565429688,183.22000122070312,120.7534408569336,281.6304626464844,315.3365478515625,393.9584655761719,99.01272583007812
2023-04-03,163.79702758789062,102.41000366210938,620.9537353515625,66.30864715576172,184.5399932861328,120.61445617675781,280.585205078125,314.5701904296875,395.4596252441406,104.85450744628906
2023-04-04,163.26473999023438,103.94999694824219,614.1517333984375,66.57762908935547,187.97999572753906,119.0020751953125,280.5363464355469,313.5089416503906,393.2655944824219,103.85227966308594
2023-04-05,161.4214630126953,101.0999984741211,611.2910766601562,66.75694274902344,187.8300018310547,119.17951202392578,277.761962890625,310.4139099121094,392.23590087890625,105.6310043334961
2023-04-06,162.3086395263672,102.05999755859375,611.6265869140625,66.7389907836914,186.49000549316406,119.04875946044922,284.85406494140625,312.5067443847656,393.7659606933594,103.87938690185547
2023-04-10,159.71620178222656,102.16999816894531,614.8133544921875,66.290771484375,185.11000061035156,119.44100952148438,282.6951904296875,312.329833984375,394.17010498046875,103.41888427734375
2023-04-11,158.50375366210938,99.91999816894531,624.0006713867188,66.317626953125,186.27999877929688,120.02938842773438,276.2869567871094,310.3254699707031,394.2760009765625,104.15026092529297
2023-04-12,157.81375122070312,97.83000183105469,620.5438232421875,66.38936614990234,187.19000244140625,120.01070404052734,276.9316711425781,307.5841064453125,392.6689147949219,104.04190063476562
2023-04-13,163.19580078125,102.4000015258789,624.9791870117188,66.35350799560547,189.72000122070312,120.46834564208984,283.1348571777344,313.6072082519531,397.8846740722656,104.52946472167969
2023-04-14,162.85076904296875,102.51000213623047,644.174072265625,66.0576400756836,186.36000061035156,129.56491088867188,279.52044677734375,313.0177001953125,396.9127197265625,104.78227996826172
2023-04-17,162.87046813964844,102.73999786376953,650.7244262695312,65.69902038574219,185.52999877929688,130.59222412109375,282.1188659667969,313.282958984375,398.3369445800781,103.5633544921875
2023-04-18,164.0927734375,102.30000305175781,646.6898193359375,65.79764556884766,186.25,132.05845642089844,281.6988525390625,313.3026123046875,398.5967102050781,105.58588409423828
2023-04-19,165.23623657226562,104.30000305175781,647.8172607421875,65.70795440673828,185.36000061035156,131.89039611816406,281.7770080566406,313.15521240234375,398.5293884277344,105.25180053710938
2023-04-20,164.27017211914062,103.80999755859375,648.8795776367188,65.99486541748047,186.08999633789062,131.5074462890625,279.4911193847656,310.76763916015625,396.35455322265625,104.41210174560547
2023-04-21,162.66348266601562,106.95999908447266,634.49267578125,65.87830352783203,184.25,131.25531005859375,279.149169921875,311.09185791015625,396.6625061035156,104.74618530273438
2023-04-24,162.9690399169922,106.20999908447266,628.203125,66.13829040527344,184.80999755859375,131.4327392578125,275.25146484375,310.443359375,397.0762939453125,106.72354125976562
2023-04-25,161.4313507080078,102.56999969482422,614.7108154296875,66.56866455078125,185.75,128.5749053955078,269.0484313964844,304.587158203125,390.773193359375,105.20664978027344
2023-04-26,161.4214630126953,104.9800033569336,606.2874145507812,66.33555603027344,184.74000549316406,126.29608917236328,288.53680419921875,306.4344787597656,389.1179504394531,104.24053955078125
2023-04-27,166.00506591796875,109.81999969482422,617.478271484375,66.04866790771484,184.75,127.99588012695312,297.7780456542969,314.7666931152344,396.8646240234375,105.4865493774414
2023-04-28,167.2569122314453,105.44999694824219,625.4171142578125,66.41624450683594,184.8000030517578,129.1072540283203,300.15185546875,316.9381408691406,400.2519226074219,106.84994506835938
2023-05-01,167.16819763183594,102.05000305175781,617.7484130859375,65.73322296142578,183.97000122070312,131.87167358398438,298.4911804199219,316.5745849609375,399.8477783203125,103.53627014160156
2023-05-02,166.13320922851562,103.62999725341797,607.0234985351562,66.38029479980469,187.52000427246094,129.74234008789062,298.34466552734375,313.8135681152344,395.353759765625,99.40998840332031
2023-05-03,165.05877685546875,103.6500015258789,598.5908813476562,66.65887451171875,189.11000061035156,126.99653625488281,297.3579406738281,311.760009765625,392.64007568359375,97.45067596435547
2023-05-04,163.42247009277344,104.0,588.5740356445312,66.56903076171875,190.44000244140625,125.25941467285156,298.34466552734375,310.6595764160156,389.8590087890625,95.74419403076172
2023-05-05,171.09136962890625,105.66000366210938,600.51953125,66.32637786865234,187.4600067138672,127.70634460449219,303.4634094238281,317.262451171875,397.0762939453125,98.12787628173828
2023-05-08,171.0223846435547,105.83000183105469,599.2710571289062,66.0118179321289,187.69000244140625,128.01455688476562,301.5096435546875,318.0484619140625,397.1821594238281,98.51611328125
2023-05-09,169.31707763671875,106.62000274658203,592.2174072265625,65.93990325927734,189.02000427246094,127.3981704711914,299.8977966308594,316.03411865234375,395.44036865234375,98.54319763183594
2023-05-10,171.08151245117188,110.19000244140625,586.2633056640625,66.34435272216797,188.75,127.4635238647461,305.0849609375,319.4731750488281,397.2880859375,97.27912902832031
2023-05-11,171.26881408691406,112.18000030517578,598.2274169921875,66.56004333496094,187.1300048828125,127.06195831298828,302.9358215332031,320.51470947265625,396.59515380859375,95.51846313476562
2023-05-12,170.34095764160156,110.26000213623047,601.097412109375,66.20952606201172,186.80999755859375,125.24076843261719,301.8222351074219,319.3651123046875,396.07550048828125,95.50943756103516
2023-05-15,169.84742736816406,111.19999694824219,600.771240234375,66.03876495361328,187.2100067138672,126.29608917236328,302.3008728027344,321.094482421875,397.4419860839844,95.69157409667969
2023-05-16,169.84742736816406,113.4000015258789,590.5960083007812,65.87699890136719,184.8699951171875,125.44623565673828,304.5281677246094,321.4579772949219,394.78607177734375,93.36919403076172
2023-05-17,170.45936584472656,115.5,606.259521484375,65.76016998291016,184.22999572753906,129.3033905029297,307.4064636230469,325.34893798828125,399.5782775878906,95.46389770507812
2023-05-18,172.78892517089844,118.1500015258789,623.6746215820312,65.49056243896484,181.83999633789062,130.28396606445312,311.8315124511719,331.39178466796875,403.42755126953125,96.3291015625
2023-05-19,172.8975067138672,116.25,621.2240600585938,65.31079864501953,183.63999938964844,129.98513793945312,311.6553039550781,330.6450500488281,402.8404846191406,96.77536010742188
2023-05-22,171.94989013671875,115.01000213623047,625.5941772460938,65.29285430908203,183.2100067138672,128.91110229492188,314.4356689453125,331.7554016113281,403.0041198730469,95.60050201416016
2023-05-23,169.343994140625,114.98999786376953,616.4066162109375,65.33778381347656,183.42999267578125,127.56623840332031,308.6399841308594,327.5498962402344,398.48126220703125,96.90287017822266
2023-05-24,169.62037658691406,116.75,610.3220825195312,65.15799713134766,181.9499969482422,126.39881896972656,307.2596130371094,325.8697204589844,395.5943603515625,97.98665618896484
2023-05-25,170.7555389404297,115.0,615.4654541015625,64.9153823852539,180.1999969482422,126.70704650878906,319.07611083984375,333.799072265625,399.0201416015625,96.22891998291016
2023-05-26,173.1640167236328,120.11000061035156,626.4419555664062,64.99626159667969,180.9199981689453,127.89315795898438,325.8997497558594,342.3277893066406,404.18780517578125,95.60050201416016
2023-05-30,175.00987243652344,121.66000366210938,627.6347045898438,65.42764282226562,182.0399932861328,128.3787841796875,324.25506591796875,343.8802185058594,404.34173583984375,94.7535171508789
2023-05-31,174.96047973632812,120.58000183105469,612.6981201171875,65.64331817626953,182.32000732421875,126.74443054199219,321.49432373046875,341.9249267578125,402.09954833984375,93.05953979492188
2023-06-01,177.76377868652344,122.7699966430664,623.218017578125,65.82083892822266,183.75999450683594,128.49087524414062,325.5962219238281,345.8748779296875,405.919921875,94.13420104980469
2023-06-02,178.61273193359375,124.25,635.3499145507812,65.451416015625,181.0500030517578,131.18994140625,328.3570556640625,348.4689025878906,411.7900085449219,96.31999969482422
2023-06-05,177.26040649414062,125.30000305175781,630.3462524414062,65.46044921875,182.13999938964844,129.90110778808594,328.8857421875,348.7145080566406,411.0008544921875,95.8919448852539
2023-06-06,176.89517211914062,126.61000061035156,638.2012329101562,65.55052185058594,182.33999633789062,130.13455200195312,326.6731872558594,348.65557861328125,411.895751953125,96.67518615722656
2023-06-07,175.52313232421875,121.2300033569336,636.6148071289062,65.18109130859375,180.14999389648438,131.3953857421875,316.58941650390625,342.74053955078125,410.47161865234375,98.84275817871094
2023-06-08,178.23760986328125,124.25,638.8207397460938,65.5054931640625,182.52999877929688,131.4327392578125,318.42999267578125,346.9950256347656,412.954345703125,98.53309631347656
2023-06-09,178.62257385253906,123.43000030517578,642.4063720703125,65.37031555175781,182.0399932861328,131.6942596435547,319.9278869628906,348.3214416503906,413.6953125,97.80449676513672
2023-06-12,181.41598510742188,126.56999969482422,640.5103149414062,65.5054931640625,181.8800048828125,131.6849365234375,324.8815612792969,354.20709228515625,417.4483337402344,96.92108154296875
2023-06-13,180.9422149658203,126.66000366210938,646.80859375,65.21712493896484,180.5399932861328,132.63754272460938,327.2704162597656,356.9288330078125,420.2005615234375,96.93929290771484
2023-06-14,181.57395935058594,126.41999816894531,649.9625244140625,65.27120208740234,180.63999938964844,132.14256286621094,330.2563171386719,359.52276611328125,420.7008972167969,95.77355194091797
2023-06-15,183.60733032226562,127.11000061035156,667.5526123046875,65.67667388916016,181.91000366210938,133.63685607910156,340.7903747558594,363.8067626953125,425.9166564941406,96.43836975097656
2023-06-16,182.53143310546875,125.48999786376953,659.65869140625,65.53251647949219,181.6300048828125,133.7956085205078,335.1415710449219,361.51739501953125,424.4658508300781,95.7462158203125
2023-06-20,182.6202392578125,125.77999877929688,648.5545043945312,65.62264251708984,179.75,133.1138153076172,330.9513854980469,360.9998779296875,422.2636413574219,93.55133819580078
2023-06-21,181.58383178710938,124.83000183105469,646.76171875,65.73075103759766,179.49000549316406,132.91770935058594,326.5556945800781,356.0802917480469,420.1000671386719,94.59870147705078
2023-06-22,184.58456420898438,130.14999389648438,637.6943359375,65.41537475585938,177.7100067138672,130.35873413085938,332.5765380859375,360.2816467285156,421.61651611328125,94.07957458496094
2023-06-23,184.2686767578125,129.3300018310547,638.69873046875,65.60460662841797,178.1999969482422,129.67694091796875,327.9850158691406,356.71002197265625,418.42913818359375,93.25990295410156
2023-06-26,182.87689208984375,127.33000183105469,638.435791015625,65.6856918334961,178.50999450683594,129.99449157714844,321.6998291015625,351.9281311035156,416.7195129394531,94.981201171875
2023-06-27,185.63087463378906,129.17999267578125,642.631591796875,65.55956268310547,177.69000244140625,130.0038299560547,327.5445251464844,357.979248046875,421.28814697265625,95.218017578125
2023-06-28,186.8054962158203,129.0399932861328,643.1760864257812,65.76676940917969,177.27999877929688,129.43409729003906,328.7976379394531,358.6778259277344,421.5006103515625,95.99212646484375
2023-06-29,187.14105224609375,127.9000015258789,645.9826049804688,65.27120208740234,177.08999633789062,133.95437622070312,328.014404296875,357.9595947265625,423.1618957519531,97.17608642578125
2023-06-30,191.4645233154297,130.36000061035156,648.7327880859375,65.4964599609375,178.27000427246094,135.8315887451172,333.38916015625,363.4793701171875,428.155517578125,97.67698669433594
2023-07-03,189.97401428222656,130.22000122070312,651.0231323242188,65.31038665771484,178.47000122070312,136.9242706298828,330.8927001953125,364.3353271484375,428.6480712890625,97.86824798583984
2023-07-05,188.85862731933594,130.3800048828125,650.3191528320312,65.0394058227539,177.83999633789062,136.0121612548828,331.04931640625,364.3254699707031,428.01068115234375,97.36735534667969
2023-07-06,189.3324432373047,128.36000061035156,638.8676147460938,64.62385559082031,177.30999755859375,134.6674346923828,334.10382080078125,361.55078125,424.6590576171875,93.73348999023438
2023-07-07,188.2169952392578,129.77999877929688,642.1246948242188,64.58771514892578,178.63999938964844,135.7300567626953,330.1388244628906,360.3504638671875,423.5869140625,93.95205688476562
2023-07-10,186.1737518310547,127.12999725341797,653.4542236328125,64.81354522705078,178.77999877929688,136.49169921875,324.8620300292969,360.4685974121094,424.6590576171875,95.34551239013672
2023-07-11,185.65060424804688,128.77999877929688,666.6233520507812,64.94904327392578,179.4499969482422,138.6262969970703,325.4886169433594,362.24945068359375,427.363525390625,96.5112533569336
2023-07-12,187.3187713623047,130.8000030517578,681.453857421875,65.46395874023438,181.8800048828125,139.312744140625,330.11932373046875,366.82464599609375,430.802001953125,96.98482513427734
2023-07-13,188.0788116455078,134.3000030517578,694.4070434570312,65.86141204833984,182.00999450683594,139.9898223876953,335.4645690917969,373.0528564453125,434.2212829589844,95.20889282226562
2023-07-14,188.22689819335938,134.67999267578125,683.359375,65.55427551269531,181.42999267578125,140.8361358642578,337.9903869628906,372.97412109375,433.9507751464844,91.93022155761719
2023-07-17,191.48426818847656,133.55999755859375,683.2091064453125,65.62657165527344,181.55999755859375,144.2307891845703,338.47015380859375,376.45721435546875,435.4575500488281,92.33094787597656
2023-07-18,191.22764587402344,132.8300018310547,693.590576171875,65.70787048339844,183.63999938964844,144.49411010742188,351.94122314453125,379.536865234375,438.69329833984375,91.9120101928711
2023-07-19,192.57994079589844,135.36000061035156,701.4468994140625,65.86141204833984,183.6699981689453,145.0489044189453,347.6238098144531,379.44830322265625,439.6687927246094,92.54953002929688
2023-07-20,190.6353759765625,129.9600067138672,704.8073120117188,65.55427551269531,182.74000549316406,146.8355712890625,339.5862121582031,370.7012939453125,436.7518615722656,94.17975616455078
2023-07-21,189.46075439453125,130.0,705.1170654296875,65.59944915771484,182.17999267578125,145.70716857910156,336.55133056640625,369.5894775390625,436.7518615722656,94.61691284179688
2023-07-24,190.26031494140625,128.8000030517578,710.157470703125,65.49102783203125,181.39999389648438,148.57522583007812,337.8631286621094,370.17987060546875,438.70294189453125,96.10140991210938
2023-07-25,191.11903381347656,129.1300048828125,700.2454833984375,65.41876983642578,182.41000366210938,147.46559143066406,343.6099548339844,372.6888122558594,439.90069580078125,96.24713897705078
2023-07-26,191.98768615722656,128.14999389648438,697.5609130859375,65.6355972290039,183.3000030517578,148.34951782226562,330.6772766113281,371.4490966796875,439.9682922363281,95.70979309082031
2023-07-27,190.7242431640625,128.25,684.3355102539062,65.07551574707031,180.4199981689453,146.71331787109375,323.77532958984375,370.5635681152344,437.0513610839844,96.01033782958984
2023-07-28,193.300537109375,132.2100067138672,693.0367431640625,65.30136108398438,181.86000061035156,147.55023193359375,331.2646789550781,377.31329345703125,441.3302001953125,94.8628158569336
2023-07-31,193.9124755859375,133.67999267578125,693.515380859375,65.41876983642578,182.35000610351562,148.53759765625,328.8661804199219,377.510009765625,442.1704406738281,97.66790008544922
2023-08-01,193.0833740234375,131.69000244140625,687.3297729492188,65.013916015625,180.4600067138672,147.80413818359375,329.2773132324219,376.6343078613281,440.9051513671875,97.10324096679688
2023-08-02,190.09246826171875,128.2100067138672,673.4190673828125,64.80561828613281,179.60000610351562,146.13027954101562,320.6228942871094,368.3695068359375,434.7718200683594,95.8919448852539
2023-08-03,188.70068359375,128.91000366210938,666.5950927734375,64.40708923339844,179.5399932861328,147.0236358642578,319.80059814453125,367.779052734375,433.5258483886719,97.55860137939453
2023-08-04,179.6392822265625,139.57000732421875,666.6983642578125,64.94145965576172,180.19000244140625,146.71331787109375,320.8970642089844,366.0572204589844,431.5650329589844,97.83182525634766
2023-08-07,176.5398406982422,142.22000122070312,668.8291015625,64.84183502197266,179.77999877929688,147.4091796875,323.1781311035156,369.15655517578125,435.33203125,97.63145446777344
2023-08-08,177.4775848388672,139.94000244140625,654.21435546875,65.07731628417969,178.63999938964844,146.58169555664062,319.203369140625,366.0179138183594,433.43896484375,98.1141586303711
2023-08-09,175.8883514404297,137.85000610351562,649.6245727539062,65.09544372558594,177.7899932861328,144.6163330078125,315.463623046875,361.99365234375,430.5412902832031,99.78079986572266
2023-08-10,175.67117309570312,138.55999755859375,654.24267578125,64.73313903808594,177.60000610351562,144.40005493164062,316.14892578125,362.6627197265625,430.69580078125,100.29083251953125
2023-08-11,175.7305145263672,138.41000366210938,652.928466796875,64.52481842041016,177.60000610351562,145.23696899414062,314.2692565917969,360.3504638671875,430.44464111328125,101.84819030761719
2023-08-14,177.3811798095703,140.57000732421875,650.412841796875,64.44329071044922,177.05999755859375,145.53790283203125,317.235595703125,364.3944091796875,432.8207092285156,101.93016052246094
2023-08-15,175.3944549560547,137.6699981689453,631.536865234375,64.29837799072266,176.58999633789062,141.83290100097656,315.10137939453125,360.527587890625,427.77886962890625,99.31327056884766
2023-08-16,174.524658203125,135.07000732421875,630.992431640625,64.11724090576172,175.57000732421875,141.23110961914062,314.3360900878906,356.71002197265625,424.6397705078125,97.64212036132812
2023-08-17,171.98439025878906,133.97999572753906,632.6444702148438,64.05384063720703,175.3000030517578,139.76414489746094,310.8827819824219,352.81365966796875,421.4040222167969,99.53363037109375
2023-08-18,172.46873474121094,133.22000122070312,629.1246337890625,64.18970489501953,175.3300018310547,140.0838623046875,310.4903869628906,352.37091064453125,421.60687255859375,101.03949737548828
2023-08-21,173.80308532714844,134.67999267578125,630.3823852539062,63.881736755371094,175.80999755859375,140.56344604492188,315.78814697265625,358.0481262207031,424.3499450683594,99.81827545166016
2023-08-22,175.17698669433594,134.25,624.9851684570312,63.9632682800293,176.10000610351562,137.64834594726562,316.3572082519531,357.5364685058594,423.2005615234375,99.2581787109375
2023-08-23,179.0219268798828,135.52000427246094,637.121826171875,64.54292297363281,177.88999938964844,138.5792999267578,320.811279296875,363.1742858886719,427.9140625,98.3858871459961
2023-08-24,174.3368377685547,131.83999633789062,631.8558959960938,64.38893127441406,177.85000610351562,138.44764709472656,313.91424560546875,355.4111633300781,421.9835510253906,97.65131378173828
2023-08-25,176.54103088378906,133.25999450683594,634.4842529296875,64.38893127441406,177.6199951171875,138.2783966064453,316.8673400878906,358.1661682128906,424.9584655761719,99.39590454101562
2023-08-28,178.1027069091797,133.13999938964844,637.337646484375,64.50668334960938,178.1300048828125,138.75796508789062,317.57366943359375,360.86212158203125,427.6532287597656,100.23148345947266
2023-08-29,181.98716735839844,134.91000366210938,648.6295776367188,64.9052505493164,179.8699951171875,139.88638305664062,322.194580078125,368.7432556152344,433.8349304199219,100.82831573486328
2023-08-30,185.47625732421875,135.07000732421875,653.1162719726562,64.87805938720703,180.32000732421875,139.3221893310547,322.5673522949219,370.7997131347656,435.62176513671875,101.810791015625
2023-08-31,185.69374084472656,138.00999450683594,657.5559692382812,64.9867172241211,180.02000427246094,137.60133361816406,321.556884765625,371.91156005859375,434.9842834472656,102.09542846679688
2023-09-01,187.2653350830078,138.1199951171875,662.8592529296875,64.67431640625,180.11000061035156,138.06214904785156,322.4398498535156,371.51800537109375,435.795654296875,104.23484802246094
2023-09-05,187.5025177001953,137.27000427246094,653.2289428710938,64.32009887695312,178.63999938964844,136.5387420654297,327.2372741699219,371.990234375,433.91217041015625,104.2440414428711
2023-09-06,180.79119873046875,135.36000061035156,651.5863037109375,64.2474365234375,177.8300018310547,136.31304931640625,326.5799560546875,368.71380615234375,430.9952392578125,105.14386749267578
2023-09-07,175.50314331054688,137.85000610351562,653.3637084960938,64.46541595458984,178.02000427246094,135.1470184326172,323.6662292480469,366.076904296875,429.6719665527344,104.62968444824219
2023-09-08,176.11595153808594,138.22999572753906,652.9476928710938,64.48355865478516,178.0800018310547,135.25048828125,327.943603515625,366.5885009765625,430.319091796875,106.15390014648438
2023-09-11,177.28233337402344,143.10000610351562,657.9681396484375,64.3836898803711,178.41000366210938,135.8428955078125,331.5442199707031,370.9078674316406,433.149169921875,104.82250213623047
2023-09-12,174.25778198242188,141.22999572753906,659.3012084960938,64.42909240722656,177.49000549316406,137.61073303222656,325.4909973144531,366.79522705078125,430.7730407714844,107.88014221191406
2023-09-13,172.19198608398438,144.85000610351562,659.1970825195312,64.52899932861328,177.0800018310547,137.67654418945312,329.6997985839844,368.1922607421875,431.27532958984375,106.91603088378906
2023-09-14,173.70425415039062,144.72000122070312,668.254638671875,64.42002868652344,177.1699981689453,140.34715270996094,332.28985595703125,371.20306396484375,434.993896484375,108.82588958740234
2023-09-15,172.98272705078125,140.38999938964844,659.3673706054688,64.2928695678711,178.33999633789062,139.93341064453125,323.9703063964844,364.84698486328125,429.75299072265625,107.15473937988281
2023-09-18,175.9084014892578,139.97999572753906,656.9848022460938,64.35643768310547,179.38999938964844,140.22491455078125,322.832275390625,365.2273254394531,430.00506591796875,108.01786804199219
2023-09-19,176.9956817626953,137.6300048828125,651.3783569335938,64.2201919555664,179.22000122070312,140.04623413085938,322.4300231933594,364.4488830566406,429.1133117675781,107.73322296142578
2023-09-20,173.45713806152344,135.2899932861328,646.1971435546875,64.13848114013672,179.35000610351562,139.45384216308594,314.6990966796875,359.197021484375,425.1683044433594,106.87928771972656
2023-09-21,171.91519165039062,129.3300018310547,632.3463745117188,63.738853454589844,178.0500030517578,138.36302185058594,313.48260498046875,352.6148681640625,418.1409606933594,105.37345123291016
2023-09-22,172.76524353027344,129.1199951171875,624.092529296875,64.00222778320312,178.6199951171875,137.03709411621094,311.01031494140625,352.6642150878906,417.2008056640625,105.5387191772461
2023-09-25,174.0403289794922,131.27000427246094,621.6815795898438,63.52994918823242,177.6999969482422,137.7141571044922,311.5302734375,354.3392639160156,418.9551696777344,106.72319793701172
2023-09-26,169.96804809570312,125.9800033569336,611.4424438476562,63.46640396118164,176.27999877929688,136.28482055664062,306.23248291015625,349.0184020996094,412.8001403808594,106.88846588134766
2023-09-27,168.45578002929688,125.9800033569336,608.2941284179688,63.23931884765625,174.10000610351562,137.08413696289062,306.8702087402344,349.8362731933594,412.9649658203125,110.36849212646484
2023-09-28,168.71275329589844,125.9800033569336,610.0430297851562,63.402809143066406,173.22999572753906,138.7861785888672,307.7041015625,352.76275634765625,415.3590393066406,109.69818878173828
2023-09-29,169.2267303466797,127.12000274658203,611.2249755859375,63.37557601928711,171.4499969482422,136.3694610595703,309.7741394042969,353.0189514160156,414.35107421875,107.96277618408203
2023-10-02,171.73728942871094,129.4600067138672,607.9630737304688,62.94023895263672,169.64999389648438,135.19406127929688,315.7096252441406,355.965087890625,414.1862487792969,106.17227172851562
2023-10-03,170.40292358398438,124.72000122070312,591.3515014648438,62.430233001708984,169.16000366210938,134.19728088378906,307.4588317871094,349.7180480957031,408.64190673828125,106.35591888427734
2023-10-04,171.64837646484375,127.0,601.8082275390625,62.84006881713867,169.13999938964844,134.799072265625,312.9234313964844,354.47723388671875,411.6176452636719,102.38007354736328
2023-10-05,172.8838653564453,125.95999908447266,605.37255859375,62.8856086730957,168.8300018310547,135.36746215820312,313.3158264160156,353.4327697753906,411.46258544921875,100.07537078857422
2023-10-06,175.43399047851562,127.95999908447266,612.8983154296875,62.63970184326172,169.6999969482422,137.45150756835938,321.06634521484375,359.3546447753906,416.3477478027344,98.40423583984375
2023-10-09,176.91661071777344,128.25999450683594,608.5115966796875,63.27720260620117,172.82000732421875,137.13890075683594,323.5778503417969,361.1873779296875,419.0133056640625,101.84752655029297
2023-10-10,176.32351684570312,129.47999572753906,606.9326171875,63.21345138549805,172.52999877929688,137.97251892089844,322.1749267578125,363.18768310546875,421.1941833496094,101.41596221923828
2023-10-11,177.71722412109375,131.8300018310547,607.6133422851562,63.50489807128906,173.7899932861328,138.44615173339844,326.1286926269531,365.77911376953125,422.9195251464844,97.77985382080078
2023-10-12,178.61668395996094,132.3300018310547,601.4677734375,62.958438873291016,173.25999450683594,138.1240997314453,324.8925476074219,364.50799560546875,420.3412780761719,97.7614974975586
2023-10-13,176.77822875976562,129.7899932861328,593.4220581054688,63.24987030029297,178.8300018310547,140.19863891601562,321.5274658203125,359.9261474609375,418.2475891113281,100.88341522216797
2023-10-16,176.6497039794922,132.5500030517578,600.7871704101562,62.922019958496094,177.9600067138672,140.05654907226562,326.344482421875,363.9956359863281,422.64813232421875,100.95686340332031
2023-10-17,175.09786987304688,131.47000122070312,601.4017333984375,62.51217269897461,178.2899932861328,139.75340270996094,325.77545166015625,362.8033752441406,422.6287536621094,102.27906799316406
2023-10-18,173.80308532714844,128.1300048828125,583.0504760742188,62.23896408081055,180.8699951171875,138.21881103515625,323.86236572265625,358.044189453125,416.9971923828125,103.71146392822266
2023-10-19,173.427490234375,128.39999389648438,588.5531005859375,61.96578598022461,183.08999633789062,137.6314697265625,325.0494689941406,354.69403076171875,413.33331298828125,103.77574157714844
2023-10-20,170.87738037109375,125.16999816894531,581.2919311523438,62.19343948364258,183.58999633789062,135.41485595703125,320.48748779296875,349.4027099609375,408.2542419433594,101.99443817138672
2023-10-23,170.99598693847656,126.55999755859375,581.1974487304688,62.430233001708984,182.97000122070312,133.567626953125,323.0873718261719,350.4570617675781,407.54669189453125,100.49775695800781
2023-10-24,171.43089294433594,128.55999755859375,578.9850463867188,62.63970184326172,182.9499969482422,133.72866821289062,324.2743835449219,353.86639404296875,410.6192932128906,99.52445983886719
2023-10-25,169.11801147460938,121.38999938964844,575.4774780273438,62.16613006591797,183.72000122070312,132.99925231933594,334.2225341796875,345.20513916015625,404.72601318359375,99.70809173583984
2023-10-26,164.95675659179688,119.56999969482422,573.9552612304688,62.58504867553711,184.00999450683594,133.34027099609375,321.6843566894531,338.6230773925781,399.8796081542969,98.79906463623047
2023-10-27,166.27134704589844,127.73999786376953,565.4557495117188,62.58504867553711,186.14999389648438,128.5375213623047,323.5680847167969,340.24884033203125,398.0670166015625,96.916748046875
2023-10-30,168.31736755371094,132.7100067138672,574.0025634765625,62.430233001708984,185.10000610351562,130.17633056640625,330.9261169433594,344.0818786621094,402.826171875,97.2197494506836
2023-10-31,168.79183959960938,133.08999633789062,578.881103515625,62.41200637817383,184.08999633789062,131.72987365722656,331.7109375,345.7274169921875,405.3560485839844,97.19219970703125
2023-11-01,171.9547576904297,137.0,582.5966186523438,63.01760482788086,183.50999450683594,131.6162109375,339.52032470703125,351.72808837890625,409.6790466308594,96.9993896484375
2023-11-02,175.5130615234375,138.07000732421875,609.333984375,63.38299560546875,184.1199951171875,133.96546936035156,341.7276916503906,358.1132507324219,417.5303039550781,100.1855697631836
2023-11-03,174.6037139892578,138.60000610351562,622.0787353515625,63.75750732421875,184.7899932861328,135.46218872070312,346.1229248046875,362.320556640625,421.3396301269531,98.96434020996094
2023-11-06,177.15383911132812,139.74000549316406,617.5878295898438,63.483455657958984,183.35000610351562,136.48526000976562,349.78240966796875,363.798583984375,422.30889892578125,97.2105712890625
2023-11-07,179.71385192871094,142.7100067138672,613.2103881835938,63.80317687988281,182.58999633789062,136.41896057128906,353.7066345214844,367.2373962402344,423.51080322265625,95.68635559082031
2023-11-08,180.77142333984375,142.0800018310547,619.2233276367188,64.0041275024414,180.77000427246094,137.09153747558594,356.326171875,367.473876953125,423.8210144042969,94.51105499267578
2023-11-09,180.2969970703125,140.60000610351562,616.2642822265625,63.52914047241211,181.49000549316406,136.6842041015625,353.8636474609375,364.6459655761719,420.51568603515625,94.5385971069336
2023-11-10,184.48350524902344,143.55999755859375,628.7252197265625,63.64788055419922,179.50999450683594,138.7113800048828,362.6737060546875,372.8440246582031,427.0777893066406,95.26396942138672
2023-11-13,182.8999481201172,142.58999633789062,625.3690185546875,63.62963104248047,180.50999450683594,138.0956573486328,359.740234375,371.6813049316406,426.6706848144531,96.26482391357422
2023-11-14,185.5128173828125,145.8000030517578,659.310546875,64.40603637695312,182.1199951171875,140.61541748046875,363.26226806640625,379.68231201171875,434.94842529296875,96.6354751586914
2023-11-15,186.07693481445312,143.1999969482422,670.1738891601562,64.0497817993164,181.63999938964844,141.846923828125,363.4097900390625,379.96807861328125,435.8692626953125,96.05170440673828
2023-11-16,187.75949096679688,142.8300018310547,675.9033203125,64.4334487915039,183.69000244140625,143.4667510986328,369.7997131347656,380.29327392578125,436.4023742675781,94.93978118896484
2023-11-17,187.73965454101562,145.17999267578125,677.75634765625,64.52477264404297,183.6699981689453,144.7646026611328,363.58673095703125,380.3819580078125,436.9450988769531,97.25628662109375
2023-11-20,189.48158264160156,146.1300048828125,681.5948486328125,64.61612701416016,183.3699951171875,145.20977783203125,371.0482177734375,385.0130615234375,440.30853271484375,96.8300552368164
2023-11-21,188.67990112304688,143.89999389648438,685.1119995117188,64.70747375488281,185.35000610351562,144.9066925048828,366.752197265625,382.7762451171875,439.34893798828125,96.7929916381836
2023-11-22,189.34304809570312,146.7100067138672,687.4755859375,64.76226806640625,184.55999755859375,145.2476806640625,371.45123291015625,384.3429870605469,441.045166015625,96.37602233886719
2023-11-24,188.01678466796875,146.74000549316406,690.274169921875,64.45170593261719,185.52000427246094,145.44662475585938,371.03839111328125,383.8010559082031,441.31658935546875,96.89491271972656
2023-11-27,187.83865356445312,147.72999572753906,690.8224487304688,64.84449768066406,186.77000427246094,145.1150665283203,372.1983947753906,383.46600341796875,440.52178955078125,96.3296890258789
2023-11-28,188.44236755371094,147.02999877929688,696.5708618164062,65.11851501464844,189.25999450683594,145.44662475585938,376.2192077636719,384.4710998535156,440.95794677734375,96.27408599853516
2023-11-29,187.4229736328125,146.32000732421875,706.5359497070312,65.45649719238281,189.5399932861328,146.18548583984375,372.4342956542969,384.09661865234375,440.6477966308594,94.8285903930664
2023-11-30,187.9969940185547,146.08999633789062,710.2515258789062,65.24639892578125,188.75,147.8527374267578,372.4932861328125,383.13104248046875,442.3828125,95.19923400878906
2023-12-01,189.27374267578125,147.02999877929688,715.0921630859375,65.77859497070312,192.00999450683594,148.5726776123047,368.1678466796875,384.2247314453125,444.9999084472656,95.43087768554688
2023-12-04,187.4823455810547,144.83999633789062,715.1678466796875,65.51295471191406,187.86000061035156,149.66204833984375,362.8887634277344,380.65777587890625,442.6639404296875,94.9119873046875
2023-12-05,191.4313201904297,146.8800048828125,713.1539916992188,65.93434143066406,187.14999389648438,149.64308166503906,366.2115173339844,381.6136169433594,442.57666015625,93.06803894042969
2023-12-06,190.34263610839844,144.52000427246094,707.2246704101562,66.12669372558594,187.83999633789062,148.07061767578125,362.5545349121094,379.40643310546875,440.7931823730469,91.83566284179688
2023-12-07,192.27259826660156,146.8800048828125,709.480224609375,66.10836029052734,188.14999389648438,148.52528381347656,364.6680603027344,384.70751953125,444.1566467285156,91.19629669189453
2023-12-08,193.69776916503906,147.4199981689453,708.8043823242188,65.78775024414062,185.63999938964844,150.16412353515625,367.892578125,386.42205810546875,446.066162109375,92.24336242675781
2023-12-11,191.19375610351562,145.88999938964844,716.114013671875,65.79690551757812,183.58999633789062,150.7135467529297,365.0121765136719,389.7229919433594,447.8011474609375,92.30823516845703
2023-12-12,192.70806884765625,147.47999572753906,722.6621704101562,65.98927307128906,183.49000549316406,152.05870056152344,368.03997802734375,392.8268127441406,449.8463439941406,90.85345458984375
2023-12-13,195.92466735839844,148.83999633789062,736.1201171875,66.8320083618164,187.6300048828125,152.57022094726562,368.0301818847656,397.82244873046875,456.04974365234375,91.65959930419922
2023-12-14,196.07310485839844,147.4199981689453,768.1943359375,67.33580780029297,188.72999572753906,155.3457794189453,359.73309326171875,397.4776306152344,457.513427734375,94.12435913085938
2023-12-15,195.53863525390625,149.97000122070312,779.49169921875,67.23504638671875,187.0,156.52041625976562,364.4518737792969,399.39898681640625,456.7601623535156,93.49427795410156
2023-12-18,193.87594604492188,154.07000732421875,758.02001953125,67.09765625,187.85000610351562,157.4676971435547,366.33929443359375,401.9146728515625,459.3294677734375,94.18923950195312
2023-12-19,194.9151153564453,153.7899932861328,762.7217407226562,67.22588348388672,189.1300048828125,159.57069396972656,366.93902587890625,403.9682922363281,462.12255859375,95.43087768554688
2023-12-20,192.8268280029297,152.1199951171875,751.1578369140625,67.44573211669922,188.10000610351562,157.7708282470703,364.3437194824219,397.9654846191406,455.71881103515625,93.83712005615234
2023-12-21,192.67832946777344,153.83999633789062,760.5516967773438,67.43656158447266,189.42999267578125,158.67076110839844,367.2142333984375,402.5959167480469,460.03985595703125,94.26335906982422
2023-12-22,191.60948181152344,153.4199981689453,763.7116088867188,67.39156341552734,190.27000427246094,158.57601928710938,368.236572265625,403.1982116699219,460.96441650390625,94.43013763427734
2023-12-26,191.06512451171875,153.41000366210938,767.6994018554688,67.45586395263672,191.72000122070312,159.5138397216797,368.31524658203125,405.66650390625,462.910888671875,94.64326477050781
2023-12-27,191.16407775878906,153.33999633789062,774.0191650390625,67.88764953613281,192.58999633789062,160.47061157226562,367.7352600097656,406.4923095703125,463.7478332519531,94.19849395751953
2023-12-28,191.5896759033203,153.3800048828125,775.1231079101562,67.72225189208984,191.47000122070312,161.3231658935547,368.9248046875,406.29473876953125,463.92303466796875,92.83639526367188
2023-12-29,190.55044555664062,151.94000244140625,772.6390991210938,67.56610870361328,191.1699981689453,161.13372802734375,369.671875,404.5364074707031,462.5799560546875,92.64180755615234
2024-01-02,183.73130798339844,149.92999267578125,761.69384765625,67.28132629394531,190.72000122070312,163.00933837890625,364.5894470214844,397.69073486328125,459.9912414550781,94.84712219238281
2024-01-03,182.35557556152344,148.47000122070312,746.3228759765625,67.33642578125,189.1300048828125,162.29885864257812,364.3240051269531,393.4825439453125,456.234619140625,95.64399719238281
2024-01-04,180.03965759277344,144.57000732421875,748.0360717773438,67.03328704833984,189.32000732421875,163.37591552734375,361.7091064453125,391.45758056640625,454.7649841308594,94.81005096435547
2024-01-05,179.317138671875,145.24000549316406,745.066650390625,66.8311767578125,189.35000610351562,164.19564819335938,361.5223083496094,391.92181396484375,455.38787841796875,95.09729766845703
2024-01-08,183.65211486816406,149.10000610351562,758.7339477539062,67.12512969970703,187.8699951171875,163.95733642578125,368.3447570800781,400.0220642089844,461.8890075683594,93.51280212402344
2024-01-09,183.23643493652344,151.3699951171875,756.1926879882812,67.11595916748047,187.92999267578125,162.6610565185547,369.4261169433594,400.81231689453125,461.18829345703125,92.35456085205078
2024-01-10,184.27565002441406,153.72999572753906,754.1368408203125,66.99654388427734,187.5,163.0041961669922,376.28790283203125,403.52880859375,463.7964782714844,91.44648742675781
2024-01-11,183.68182373046875,155.17999267578125,754.374755859375,67.34563446044922,187.8699951171875,162.3179473876953,378.11639404296875,404.3684387207031,463.5921325683594,91.4279556274414
2024-01-12,184.00843811035156,154.6199951171875,761.0275268554688,67.48342895507812,189.7100067138672,161.1265411376953,381.89141845703125,404.5759582519531,463.9132995605469,92.61399841308594
2024-01-16,181.74197387695312,153.16000366210938,753.2040405273438,67.00574493408203,187.91000366210938,160.11622619628906,383.6609191894531,404.5364074707031,462.2101135253906,90.5198745727539
2024-01-17,180.8017120361328,151.7100067138672,749.4446411132812,66.84956359863281,185.83999633789062,159.25839233398438,382.8744812011719,402.2545471191406,459.6408386230469,89.86199188232422
2024-01-18,186.69056701660156,153.5,756.89697265625,66.7576904296875,187.3699951171875,159.5729217529297,387.199951171875,407.9642028808594,463.7283630371094,89.6952133178711
2024-01-19,189.5904541015625,155.33999633789062,766.5859375,66.7576904296875,187.92999267578125,162.32745361328125,391.918701171875,416.0545349121094,469.50927734375,89.83419799804688
2024-01-22,191.896484375,154.77999877929688,755.7167358398438,66.86792755126953,187.22000122070312,162.1368408203125,389.7952575683594,416.5978088378906,470.501953125,89.71373748779297
2024-01-23,193.1732177734375,156.02000427246094,754.3272705078125,66.7117691040039,187.9499969482422,161.0693359375,392.1448059082031,418.3265380859375,471.8741760253906,90.72374725341797
2024-01-24,192.50021362304688,156.8699951171875,747.845703125,66.573974609375,186.39999389648438,162.508544921875,395.7427978515625,420.64794921875,472.3900146484375,92.2896957397461
2024-01-25,192.17361450195312,157.75,752.3284912109375,66.88630676269531,187.13999938964844,164.83421325683594,398.013671875,421.16162109375,474.9592590332031,94.63399505615234
2024-01-26,190.4416046142578,159.1199951171875,749.3209228515625,66.78524780273438,187.00999450683594,164.2051239013672,397.0895690917969,418.6525573730469,474.3559265136719,95.44014739990234
2024-01-29,189.7587127685547,161.25999450683594,750.6534423828125,67.05165100097656,188.3300018310547,164.63404846191406,402.78155517578125,422.9396667480469,478.11248779296875,95.56060028076172
2024-01-30,186.10662841796875,159.0,744.0196533203125,67.17108154296875,188.58999633789062,168.0081329345703,401.6706848144531,420.1243896484375,477.7427062988281,97.15437316894531
2024-01-31,182.50405883789062,155.1999969482422,736.95751953125,67.45586395263672,188.4499969482422,166.1876220703125,390.84710693359375,411.8957214355469,469.9472351074219,95.26409149169922
2024-02-01,184.9387664794922,159.27999877929688,747.0653076171875,67.86307525634766,190.41000366210938,165.58718872070312,396.9421081542969,416.7460021972656,476.0980224609375,94.87492370605469
2024-02-02,183.93914794921875,171.80999755859375,749.9872436523438,67.25503540039062,188.61000061035156,166.540283203125,404.2561340332031,423.78924560546875,481.11004638671875,94.4857406616211
2024-02-05,185.75033569335938,170.30999755859375,745.3901977539062,66.72063446044922,187.57000732421875,166.32107543945312,398.7804870605469,423.2360534667969,479.3581848144531,94.0965805053711
2024-02-06,187.3536834716797,169.14999389648438,749.9681396484375,67.0339126586914,188.5500030517578,166.89295959472656,398.6231994628906,422.38653564453125,480.74993896484375,94.74520111083984
2024-02-07,187.46253967285156,170.52999877929688,756.364013671875,66.90493774414062,188.5,167.20748901367188,407.0382080078125,426.73297119140625,484.7596435546875,94.71739959716797
2024-02-08,186.38377380371094,169.83999633789062,754.9364013671875,66.72986602783203,188.3300018310547,166.6070098876953,407.0971984863281,427.5232849121094,484.9737548828125,96.33895111083984
2024-02-09,187.1468048095703,174.4499969482422,758.7528686523438,66.67460632324219,187.60000610351562,166.80715942382812,413.4281921386719,431.7313537597656,487.7765808105469,94.3004150390625
2024-02-12,185.46214294433594,172.33999633789062,763.0834350585938,66.69303894042969,187.11000061035156,167.55059814453125,408.2277526855469,430.04217529296875,487.5624694824219,95.59766387939453
2024-02-13,183.3711700439453,168.63999938964844,740.5362548828125,66.11260986328125,184.52999877929688,166.09231567382812,399.43914794921875,423.3348693847656,480.8471984863281,94.7746810913086
2024-02-14,182.4891815185547,170.97999572753906,747.5126953125,66.36134338378906,184.4199981689453,167.77935791015625,403.2998352050781,427.9480285644531,485.2170715332031,94.30706024169922
2024-02-15,182.20179748535156,169.8000030517578,759.5523681640625,66.54562377929688,185.66000366210938,171.43939208984375,400.4141540527344,429.22235107421875,488.56494140625,97.00984954833984
2024-02-16,180.66578674316406,169.50999450683594,755.69775390625,66.33370208740234,186.33999633789062,170.63876342773438,397.95196533203125,425.3302307128906,486.1318664550781,97.00984954833984
2024-02-20,179.92254638671875,167.0800018310547,759.6094970703125,66.41663360595703,187.47000122070312,171.30593872070312,396.701171875,422.1198425292969,483.4554748535156,96.09333801269531
2024-02-21,180.6757049560547,168.58999633789062,766.5953979492188,66.23234558105469,187.47999572753906,172.42111206054688,396.100341796875,420.4306640625,483.8934326171875,98.05728912353516
2024-02-22,182.7072296142578,174.5800018310547,774.199951171875,66.26002502441406,187.55999755859375,174.4893798828125,405.42718505859375,432.7389831542969,493.90789794921875,97.97310638427734
2024-02-23,180.87391662597656,174.99000549316406,774.3427734375,66.49954223632812,188.6199951171875,175.3662872314453,404.1370544433594,431.4646911621094,494.2484436035156,97.11270904541016
2024-02-26,179.52618408203125,174.72999572753906,767.1474609375,66.37977600097656,188.1999969482422,174.76580810546875,401.3793640136719,431.2374572753906,492.4382629394531,97.49615478515625
2024-02-27,180.98289489746094,173.5399932861328,761.9222412109375,66.27845001220703,188.0,174.85157775878906,401.3202819824219,432.2746887207031,493.35308837890625,97.2904052734375
2024-02-28,179.7838134765625,173.16000366210938,770.602294921875,66.42584228515625,188.33999633789062,175.73802185058594,401.5566101074219,429.97308349609375,492.7010192871094,97.5616226196289
2024-02-29,179.11985778808594,176.75999450683594,772.2012939453125,66.5363998413086,189.30999755859375,177.33924865722656,407.3871765136719,433.6576843261719,494.4723205566406,97.7486572265625
2024-03-01,178.0396728515625,178.22000122070312,775.52294921875,66.81542205810547,192.88999938964844,176.6053466796875,409.218994140625,440.1871643066406,499.114501953125,98.98313903808594
2024-03-04,173.5208282470703,177.5800018310547,794.2155151367188,66.65837097167969,196.00999450683594,177.93016052246094,408.6477966308594,438.6166076660156,498.5792541503906,97.59902954101562
2024-03-05,168.58570861816406,174.1199951171875,787.0487670898438,67.0186767578125,197.19000244140625,179.71253967285156,396.5632629394531,430.74359130859375,493.59637451171875,98.79610443115234
2024-03-06,167.59475708007812,173.50999450683594,795.2464599609375,67.13877868652344,198.80999755859375,180.6466064453125,396.01171875,433.4502258300781,496.0975646972656,99.85289764404297
2024-03-07,167.475830078125,176.82000732421875,796.4913330078125,67.24964141845703,199.94000244140625,179.06442260742188,402.9552001953125,440.0291748046875,501.0220642089844,100.41403198242188
2024-03-08,169.19021606445312,175.35000610351562,800.7241821289062,67.31430053710938,201.6300048828125,179.3980255126953,400.07928466796875,433.67742919921875,498.01483154296875,101.35858154296875
2024-03-11,171.19203186035156,171.9600067138672,790.2279663085938,67.28660583496094,202.0,179.4647216796875,398.40496826171875,432.06732177734375,497.5865783691406,101.95711517333984
2024-03-12,171.66766357421875,175.38999938964844,794.4706420898438,67.08336639404297,199.7899932861328,180.94207763671875,409.0023193359375,438.26092529296875,502.9393005371094,101.30248260498047
2024-03-13,169.58663940429688,176.55999755859375,791.0230102539062,66.97247314453125,201.19000244140625,182.40989685058594,408.8250732421875,434.8924865722656,502.1510009765625,102.43408966064453
2024-03-14,171.43975830078125,178.75,774.5608520507812,66.57520294189453,200.35000610351562,179.15975952148438,418.7921447753906,433.79595947265625,501.1582946777344,104.24840545654297
2024-03-15,171.06320190429688,174.4199981689453,768.546630859375,66.53824615478516,199.7100067138672,181.3805389404297,410.1250915527344,428.63946533203125,497.71710205078125,104.06136322021484
2024-03-18,172.1532440185547,174.47999572753906,766.3726196289062,66.45510864257812,200.02999877929688,183.62991333007812,411.0115051269531,432.72760009765625,500.675048828125,105.02462768554688
2024-03-19,174.4919891357422,175.89999389648438,768.3358764648438,66.63066101074219,199.8000030517578,184.70693969726562,415.0396728515625,433.8057861328125,503.4573974609375,105.76345825195312
2024-03-20,177.05859375,178.14999389648438,783.2659912109375,66.75076293945312,202.17999267578125,187.12789916992188,418.80194091796875,438.9492492675781,508.11407470703125,105.66993713378906
2024-03-21,169.82444763183594,178.14999389648438,806.4126586914062,66.80618286132812,201.97000122070312,189.7299346923828,422.8793029785156,441.0264892578125,509.7932434082031,106.13754272460938
2024-03-22,170.72622680664062,178.8699951171875,789.9120483398438,67.02791595458984,200.35000610351562,187.40428161621094,422.25885009765625,441.5308837890625,508.8266906738281,106.13754272460938
2024-03-25,169.30914306640625,179.7100067138672,781.6570434570312,66.89857482910156,200.99000549316406,185.68865966796875,416.4677734375,439.92852783203125,507.4209289550781,107.22238159179688
2024-03-26,168.179443359375,178.3000030517578,785.4781494140625,66.95398712158203,201.63999938964844,186.55601501464844,415.2760314941406,438.50421142578125,506.4837646484375,106.4181137084961
2024-03-27,171.74696350097656,179.8300018310547,799.7665405273438,67.18497467041016,203.10000610351562,190.1683807373047,415.0593566894531,439.99774169921875,510.7401428222656,107.52164459228516
2024-03-28,169.93345642089844,180.3800048828125,798.4066772460938,67.10179138183594,205.72000122070312,190.9118194580078,414.36016845703125,439.1866760253906,510.6424560546875,108.7093734741211
2024-04-01,168.49655151367188,180.97000122070312,791.77001953125,66.6440658569336,207.82000732421875,189.6155548095703,418.15191650390625,440.1164855957031,509.7541198730469,109.4107894897461
2024-04-02,167.3172607421875,180.69000244140625,782.02099609375,66.56993103027344,210.88999938964844,189.53932189941406,415.0692138671875,436.3181457519531,506.5130310058594,111.55242919921875
2024-04-03,168.11996459960938,182.41000366210938,780.3067016601562,66.61627197265625,212.74000549316406,189.00555419921875,414.09423828125,437.2974548339844,507.0694274902344,111.5711441040039
2024-04-04,167.29745483398438,180.0,758.5581665039062,66.75527954101562,211.52000427246094,187.56752014160156,411.5630187988281,430.61083984375,500.880126953125,111.96392059326172
2024-04-05,168.05059814453125,185.07000732421875,763.7964477539062,66.42168426513672,215.13999938964844,189.2931671142578,419.0875244140625,435.6850891113281,506.1127014160156,113.50703430175781
2024-04-08,166.9307861328125,185.19000244140625,769.3126831054688,66.36608123779297,216.47999572753906,190.2805938720703,418.1716613769531,435.8137512207031,506.39581298828125,112.74015808105469
2024-04-09,168.13978576660156,185.6699981689453,769.8681640625,66.60699462890625,217.6699981689453,189.0055694580078,419.8360900878906,437.426025390625,506.9815673828125,113.329345703125
2024-04-10,166.26683044433594,185.9499969482422,750.475341796875,65.82862854003906,215.61000061035156,187.39498901367188,416.8616943359375,433.60797119140625,501.9051513671875,114.28325653076172
2024-04-11,173.46133422851562,189.0500030517578,752.687744140625,65.82862854003906,219.8000030517578,187.35659790039062,421.4611511230469,440.5318603515625,505.6929626464844,113.89983367919922
2024-04-12,174.9577178955078,186.1300048828125,731.0827026367188,65.97687530517578,216.88999938964844,175.23878479003906,415.5222473144531,433.5090026855469,498.7127990722656,112.57181549072266
2024-04-15,171.13253784179688,183.6199951171875,730.6900024414062,65.54137420654297,220.9499969482422,175.3346710205078,407.3871765136719,426.3772888183594,492.46490478515625,111.926513671875
2024-04-16,167.85240173339844,183.32000732421875,717.933837890625,65.37455749511719,221.22000122070312,173.33099365234375,408.3128967285156,426.41693115234375,491.5668029785156,111.00066375732422
2024-04-17,166.48484802246094,181.27999877929688,721.8794555664062,65.68962097167969,219.58999633789062,172.64073181152344,405.6143493652344,421.21405029296875,488.6575622558594,110.94454956054688
2024-04-18,165.5334930419922,179.22000122070312,715.664306640625,65.51355743408203,220.33999633789062,173.7624053955078,398.15875244140625,418.8104553222656,487.6520080566406,110.84166717529297
2024-04-19,163.5119171142578,174.6300048828125,718.2307739257812,65.59696960449219,221.02999877929688,178.12445068359375,393.08660888671875,410.1456298828125,483.3955993652344,112.11355590820312
2024-04-22,164.3443145751953,177.22999572753906,727.931884765625,65.62476348876953,215.57000732421875,181.58529663085938,394.8988342285156,414.2702941894531,487.8472595214844,112.74951171875
2024-04-23,165.39476013183594,179.5399932861328,734.1663208007812,65.7452163696289,215.0399932861328,184.20252990722656,401.40887451171875,420.45245361328125,493.6363830566406,113.1890640258789
2024-04-24,167.49563598632812,176.58999633789062,730.5079956054688,65.57841491699219,214.63999938964844,185.10369873046875,402.8763427734375,421.8768310546875,493.402099609375,113.20777130126953
2024-04-25,168.35780334472656,173.6699981689453,725.5760498046875,65.39309692382812,215.9199981689453,185.3817138671875,393.0078430175781,419.83917236328125,491.5277099609375,113.4696273803711
2024-04-26,167.77313232421875,179.6199951171875,730.5847778320312,65.54137420654297,216.6199951171875,185.4967498779297,400.1777648925781,426.3180236816406,496.18438720703125,110.31794738769531
2024-04-29,171.9352569580078,180.9600067138672,729.0524291992188,65.73594665527344,216.17999267578125,185.29542541503906,396.1693420410156,428.0489501953125,497.94158935546875,111.88910675048828
2024-04-30,168.7938232421875,175.0,722.6934814453125,65.48574829101562,211.8699951171875,183.8190460205078,383.4446105957031,419.9776306152344,490.0535888671875,110.60785675048828
2024-05-01,167.77313232421875,179.0,719.7630615234375,65.72183227539062,213.7899932861328,183.93408203125,388.9698791503906,416.9410095214844,488.46234130859375,108.51297760009766
2024-05-02,171.46949768066406,184.72000122070312,724.95361328125,65.98209381103516,213.1300048828125,183.7423553466797,391.82598876953125,422.26251220703125,493.0310974121094,108.7093734741211
2024-05-03,181.72613525390625,186.2100067138672,731.5711059570312,66.31669616699219,212.9600067138672,182.6398468017578,400.5126647949219,430.74932861328125,499.14239501953125,108.48492431640625
2024-05-06,180.07119750976562,188.6999969482422,741.8468627929688,66.38175964355469,215.1999969482422,184.0683135986328,407.28863525390625,435.467529296875,504.2969055175781,109.18635559082031
2024-05-07,180.75497436523438,188.75999450683594,747.8609619140625,66.51187133789062,214.2100067138672,183.82864379882812,403.1521301269531,435.5367431640625,504.8534240722656,108.64390563964844
2024-05-08,181.09190368652344,188.0,745.3806762695312,66.35388946533203,213.5800018310547,187.56752014160156,404.3340148925781,435.279541015625,504.9021301269531,108.62520599365234
2024-05-09,182.90541076660156,189.5,755.7234497070312,66.53045654296875,216.9499969482422,189.34109497070312,406.08709716796875,436.2291259765625,507.8114318847656,110.76685333251953
2024-05-10,181.64512634277344,187.47999572753906,762.9442138671875,66.34456634521484,218.7100067138672,190.5586700439453,408.4705505371094,437.25787353515625,508.465576171875,110.31794738769531
2024-05-13,184.85035705566406,186.57000732421875,756.8726806640625,66.40036010742188,216.25999450683594,190.520263671875,407.4659118652344,438.2667541503906,508.53375244140625,110.27119445800781
2024-05-14,185.9915313720703,187.07000732421875,768.9679565429688,66.59552001953125,218.08999633789062,193.1854248046875,410.26300048828125,441.0857849121094,510.86700439453125,110.94058227539062
2024-05-15,188.2639617919922,185.99000549316406,781.168701171875,67.02307891845703,220.88999938964844,193.7606658935547,417.43597412109375,447.9801025390625,517.193115234375,111.79854583740234
2024-05-16,188.38304138183594,183.6300048828125,773.5169067382812,66.91154479980469,220.02999877929688,194.10577392578125,415.3738708496094,447.070068359375,516.1289672851562,111.129150390625
2024-05-17,188.41281127929688,184.6999969482422,777.8359375,66.74425506591797,223.66000366210938,196.3299560546875,414.60430908203125,446.85247802734375,516.8709106445312,112.79792022705078
2024-05-20,189.57382202148438,183.5399932861328,771.1035766601562,66.67916870117188,224.55999755859375,187.50039672851562,419.6658935546875,449.9682312011719,517.4664306640625,111.88339233398438
2024-05-21,190.87379455566406,183.14999389648438,770.8546142578125,66.81861114501953,224.22999572753906,191.2776641845703,423.3165283203125,450.84857177734375,518.7355346679688,111.11029815673828
2024-05-22,189.43490600585938,183.1300048828125,765.759765625,66.73495483398438,220.11000061035156,190.11764526367188,424.7767639160156,450.75958251953125,517.2418823242188,108.87584686279297
2024-05-23,185.44577026367188,181.0500030517578,751.3372802734375,66.53975677490234,215.72000122070312,188.78504943847656,421.3037414550781,448.7318115234375,513.4638671875,107.01848602294922
2024-05-24,188.52195739746094,180.75,748.7994995117188,66.6141357421875,215.9199981689453,192.4185028076172,424.42156982421875,452.97528076171875,516.8612060546875,106.93363189697266
2024-05-28,188.5319061279297,182.14999389648438,738.7534790039062,66.2981185913086,218.19000244140625,191.2584991455078,424.5794372558594,454.68646240234375,517.2223510742188,108.29129791259766
2024-05-29,188.82960510253906,182.02000427246094,724.5513305664062,66.05645751953125,216.16000366210938,189.9259033203125,423.4447937011719,451.4816589355469,513.6005249023438,107.13162231445312
2024-05-30,189.8218994140625,179.32000732421875,729.6078491210938,66.34456634521484,216.57000732421875,191.09548950195312,409.1382141113281,446.644775390625,510.19342041015625,107.47103118896484
2024-05-31,190.77455139160156,176.44000244140625,739.3472900390625,66.58622741699219,215.3000030517578,194.25917053222656,409.59210205078125,445.81390380859375,514.84033203125,110.55403137207031
2024-06-03,192.54087829589844,178.33999633789062,744.4613037109375,66.95822143554688,217.22000122070312,193.48265075683594,408.0035400390625,448.2076110839844,515.2601318359375,107.90472412109375
2024-06-04,192.8584442138672,179.33999633789062,752.0460205078125,67.20994567871094,215.27000427246094,190.93252563476562,410.5195007324219,449.4341125488281,515.8360595703125,106.22653198242188
2024-06-05,194.3667755126953,181.27999877929688,755.484130859375,67.39640808105469,217.82000732421875,189.11099243164062,418.3536682128906,458.4945983886719,521.9669189453125,106.65080261230469
2024-06-06,192.98741149902344,185.0,745.5722045898438,67.40572357177734,219.42999267578125,188.77549743652344,418.8568420410156,458.33636474609375,521.9571533203125,107.45218658447266
2024-06-07,195.37893676757812,184.3000030517578,741.0029296875,66.86500549316406,211.60000610351562,191.6898651123047,418.19573974609375,457.93084716796875,521.3226318359375,106.30195617675781
2024-06-10,191.6378631591797,187.05999755859375,738.5736083984375,66.76244354248047,213.5399932861328,191.36395263671875,422.162109375,459.7804870605469,522.9332885742188,106.61308288574219
2024-06-11,205.5601806640625,187.22999572753906,730.3412475585938,67.0328140258789,214.14999389648438,186.33084106445312,426.907958984375,462.9358215332031,524.1926879882812,105.755126953125
2024-06-12,211.43478393554688,186.88999938964844,742.3717041015625,67.34046173095703,214.72000122070312,183.61770629882812,435.1761779785156,468.9992370605469,528.4979858398438,104.5860366821289
2024-06-13,212.59579467773438,183.8300018310547,741.9862060546875,67.63880157470703,212.97000122070312,185.6597442626953,435.6891784667969,471.5413513183594,529.5620727539062,103.74693298339844
2024-06-14,210.85923767089844,183.66000366210938,741.6198120117188,67.74137115478516,215.72999572753906,185.7747802734375,436.666015625,473.9845275878906,529.88427734375,102.8701171875
2024-06-17,215.00714111328125,184.05999755859375,752.9466552734375,67.48963928222656,214.61000061035156,186.9251708984375,442.3886413574219,479.79071044921875,534.1015625,102.16301727294922
2024-06-18,212.64540100097656,182.80999755859375,755.4240112304688,67.72271728515625,215.47000122070312,188.8617706298828,440.3857421875,479.9391174316406,535.4586181640625,103.12467193603516
2024-06-20,208.07077026367188,186.10000610351562,754.6336059570312,67.59220886230469,218.16000366210938,190.4627685546875,439.7542419433594,476.23974609375,534.0039672851562,105.3497085571289
2024-06-21,205.89759826660156,189.0800018310547,759.2317504882812,67.61084747314453,214.77999877929688,188.19068908691406,443.77984619140625,474.96380615234375,533.2880249023438,104.4257583618164
2024-06-24,206.54258728027344,185.57000732421875,770.1729736328125,67.64813995361328,215.6300048828125,190.6641082763672,441.6979675292969,469.5564270019531,531.5545043945312,107.5276107788086
2024-06-25,207.4654541015625,186.33999633789062,765.7772216796875,67.6854248046875,214.55999755859375,189.88755798339844,444.9342346191406,474.9261169433594,533.6015014648438,107.82930755615234
2024-06-26,211.61337280273438,193.61000061035156,759.087158203125,67.36843872070312,212.5800018310547,189.2739715576172,446.1280822753906,475.9069519042969,534.2675170898438,107.86701965332031
2024-06-27,212.4568634033203,197.85000610351562,752.9948120117188,67.48963928222656,214.99000549316406,190.94210815429688,446.80889892578125,477.1353759765625,535.1097412109375,108.3290023803711
2024-06-28,209.00355529785156,193.25,758.9619140625,67.17265319824219,215.00999450683594,193.90444946289062,440.9875793457031,474.6585998535156,533.0039672851562,108.53642272949219
2024-07-01,215.08653259277344,197.1999969482422,754.09375,66.81822204589844,215.57000732421875,196.96270751953125,450.6371154785156,477.4425048828125,534.1009521484375,108.38556671142578
2024-07-02,218.5795135498047,200.0,760.7066650390625,67.01461791992188,215.55999755859375,200.20306396484375,453.1531066894531,482.45550537109375,537.6953125,107.65017700195312
2024-07-03,219.8496856689453,197.58999633789062,760.697021484375,67.39804077148438,217.99000549316406,200.06883239746094,454.6232604980469,486.477783203125,540.0947875976562,108.19701385498047
2024-07-05,224.6029052734375,200.0,762.1237182617188,67.70663452148438,220.92999267578125,197.41783142089844,461.3226318359375,491.5502014160156,543.209228515625,106.8864974975586
2024-07-08,226.0715789794922,199.2899932861328,761.7284545898438,67.70663452148438,218.19000244140625,197.7841339111328,460.020263671875,492.7192687988281,543.8361206054688,105.76455688476562
2024-07-09,226.92494201660156,199.33999633789062,773.3831176757812,67.6785888671875,218.55999755859375,200.1555938720703,453.4096984863281,493.1452331542969,544.3649291992188,104.59547424316406
2024-07-10,231.19195556640625,199.7899932861328,782.7528686523438,67.73469543457031,219.36000061035156,200.31947326660156,460.0301513671875,498.2870178222656,549.7515869140625,105.51941680908203
2024-07-11,225.823486328125,195.0500030517578,795.1593017578125,68.07135009765625,223.25,199.9820556640625,448.6342468261719,487.3595275878906,545.01123046875,106.77335357666016
2024-07-12,228.77066040039062,194.49000549316406,798.1476440429688,68.24903869628906,223.11000061035156,197.56243896484375,447.49951171875,490.22265625,548.4490356445312,106.7922134399414
2024-07-15,232.60105895996094,192.72000122070312,793.3181762695312,68.0339584350586,223.8300018310547,202.48846435546875,447.904052734375,491.5403137207031,549.957275390625,108.62126922607422
2024-07-16,233.01785278320312,193.02000427246094,813.54248046875,68.2957992553711,228.2899932861328,205.92994689941406,443.5232849121094,491.7285461425781,553.2186279296875,109.40380859375
2024-07-17,227.12344360351562,187.92999267578125,810.795166015625,68.36124420166016,227.22999572753906,209.06295776367188,437.60333251953125,477.2938537597656,545.4618530273438,110.91229248046875
2024-07-18,222.45948791503906,183.75,799.1406860351562,68.18357849121094,225.77999877929688,202.4209747314453,434.495361328125,475.03509521484375,541.2701416015625,112.00596618652344
2024-07-19,222.58848571777344,183.1300048828125,800.7794189453125,68.00589752197266,221.72999572753906,202.22821044921875,431.2788391113281,470.8245544433594,537.6756591796875,109.43209075927734
2024-07-22,222.24119567871094,182.5500030517578,812.86767578125,67.97784423828125,221.8000030517578,202.710205078125,437.03106689453125,477.83880615234375,543.2191162109375,108.67784118652344
2024-07-23,223.28314208984375,186.41000366210938,814.2654418945312,67.98719024658203,222.5800018310547,202.75839233398438,438.9156494140625,476.1545715332031,542.3670654296875,106.92420959472656
2024-07-24,216.86277770996094,180.8300018310547,797.8391723632812,67.79080963134766,221.8000030517578,201.08102416992188,423.17840576171875,459.07476806640625,530.0756225585938,108.43270874023438
2024-07-25,215.8208465576172,179.85000610351562,806.4090576171875,67.94043731689453,218.3300018310547,201.15817260742188,412.8184814453125,454.0122375488281,527.3138427734375,110.71432495117188
2024-07-26,216.2872314453125,182.5,825.3609008789062,68.21163177490234,220.6300048828125,204.59962463378906,419.5967712402344,458.6685791015625,533.2194213867188,110.62003326416016
2024-07-29,216.5651092529297,183.1999969482422,831.0966186523438,68.2957992553711,220.32000732421875,203.25967407226562,421.037353515625,459.58990478515625,533.532958984375,109.46036529541016
2024-07-30,217.12078857421875,181.7100067138672,841.1605834960938,68.37998962402344,222.52000427246094,207.44345092773438,417.2781982421875,453.27911376953125,530.8297119140625,111.41200256347656
2024-07-31,220.3756103515625,186.97999572753906,844.9296875,68.7540283203125,226.5500030517578,205.1394805908203,412.7691345214844,466.6933288574219,539.4581298828125,111.8079605102539
2024-08-01,216.68417358398438,184.07000732421875,834.1812744140625,69.01105499267578,225.77000427246094,200.4737091064453,411.5456237792969,455.3893127441406,531.8189697265625,110.26176452636719
2024-08-02,218.17263793945312,167.89999389648438,815.547607421875,69.79899597167969,225.33999633789062,191.97122192382812,403.0406799316406,444.5806579589844,521.9173583984375,110.19576263427734
2024-08-05,207.66395568847656,161.02000427246094,800.8372802734375,69.73334503173828,222.47999572753906,187.88385009765625,389.8786315917969,431.32501220703125,506.71710205078125,108.20642852783203
2024-08-06,205.6395721435547,161.92999267578125,810.6698608398438,69.30184173583984,220.6999969482422,193.12803649902344,394.2790832519531,435.4463195800781,511.3889465332031,107.63131713867188
2024-08-07,208.20970153808594,162.77000427246094,809.5901489257812,69.13300323486328,220.5500030517578,193.18585205078125,393.1148376464844,430.7305603027344,507.9707946777344,109.06439971923828
2024-08-08,211.67294311523438,165.8000030517578,824.040283203125,69.02981567382812,224.00999450683594,196.71409606933594,397.31805419921875,443.906982421875,519.7137451171875,111.14801025390625
2024-08-09,214.5804443359375,166.94000244140625,825.3705444335938,69.27369689941406,224.55999755859375,198.39146423339844,400.60357666015625,446.22528076171875,522.00537109375,112.0531005859375
2024-08-12,216.11041259765625,166.8000030517578,808.07666015625,69.3956527709961,228.41000366210938,198.76742553710938,401.383056640625,447.18621826171875,522.2797241210938,112.19451141357422
2024-08-13,219.82598876953125,170.22999572753906,823.8089599609375,69.65831756591797,228.05999755859375,200.45445251464844,408.487060546875,458.2821960449219,530.868896484375,111.11971282958984
2024-08-14,220.27304077148438,170.10000610351562,826.6333618164062,69.78962707519531,226.1999969482422,202.671630859375,411.2989807128906,458.4308166503906,532.543701171875,112.14737701416016
2024-08-15,223.25347900390625,177.58999633789062,840.6495361328125,69.49882507324219,226.91000366210938,203.93446350097656,416.162109375,470.0121765136719,541.671630859375,112.84117126464844
2024-08-16,224.5747833251953,177.05999755859375,841.064208984375,69.64892578125,231.99000549316406,206.26734924316406,413.6316833496094,470.61651611328125,542.8861083984375,112.3089599609375
2024-08-19,224.41583251953125,178.22000122070312,838.8662719726562,69.73334503173828,231.61000061035156,207.69407653808594,416.6563415527344,476.798583984375,548.0767822265625,112.6511001586914
2024-08-20,225.03176879882812,178.8800048828125,829.9591064453125,69.93970489501953,232.4600067138672,206.79757690429688,419.88848876953125,475.7979431152344,547.1856079101562,108.89701843261719
2024-08-21,224.9224853515625,180.11000061035156,832.0028076171875,70.08980560302734,232.14999389648438,206.87469482421875,419.23614501953125,478.0171203613281,549.0659790039062,108.20321655273438
2024-08-22,223.06471252441406,176.1300048828125,834.0752563476562,69.80838775634766,229.3699951171875,208.83160400390625,410.74542236328125,470.438232421875,544.7567138671875,109.0395736694336
2024-08-23,225.35963439941406,177.0399932861328,851.0413208007812,70.11792755126953,232.02000427246094,210.4511260986328,411.9711608886719,475.54034423828125,550.544921875,110.55070495605469
2024-08-26,225.69741821289062,175.5,851.33056640625,70.04290008544922,232.75999450683594,211.28016662597656,408.7092590332031,470.92364501953125,549.2324829101562,112.91720581054688
2024-08-27,226.5418701171875,173.1199951171875,854.212890625,70.04290008544922,233.38999938964844,212.25381469726562,409.05523681640625,472.3304748535156,549.9866943359375,111.84326171875
2024-08-28,225.0119171142578,170.8000030517578,856.6517333984375,69.99600219726562,231.75,213.3238525390625,405.8526916503906,466.970703125,546.7938842773438,110.74078369140625
2024-08-29,228.29037475585938,172.1199951171875,862.6380615234375,69.89280700683594,232.9499969482422,214.21075439453125,408.34356689453125,466.2871398925781,546.8427734375,112.27093505859375
2024-08-30,227.50552368164062,178.5,869.328125,69.75211334228516,231.2899932861328,216.70748901367188,412.317138671875,471.844970703125,552.06298828125,112.0903549194336
2024-09-03,221.31619262695312,176.25,854.5020141601562,70.0494155883789,230.2899932861328,212.36949157714844,404.70611572265625,457.51934814453125,540.7020874023438,109.74285888671875
2024-09-04,219.40872192382812,173.3300018310547,854.5599365234375,70.35991668701172,230.42999267578125,211.4344024658203,404.1723327636719,456.3304443359375,539.5952758789062,108.40280151367188
2024-09-05,220.9287567138672,177.88999938964844,845.0647583007812,70.52928161621094,232.35000610351562,209.79563903808594,403.6682434082031,456.7565002441406,538.2830200195312,107.55694580078125
2024-09-06,219.37890625,171.38999938964844,835.6946411132812,70.61396789550781,230.6300048828125,204.81170654296875,397.0556335449219,444.5212707519531,529.2235107421875,107.05323791503906
2024-09-09,219.46835327148438,175.39999389648438,851.326171875,70.70806884765625,231.60000610351562,209.00514221191406,401.02911376953125,450.23760986328125,535.14892578125,109.3056869506836
2024-09-10,218.67355346679688,179.5500030517578,857.03759765625,70.94327545166016,232.6199951171875,198.16009521484375,409.41107177734375,454.3985900878906,537.4797973632812,105.32350158691406
2024-09-11,221.20692443847656,184.52000427246094,850.531005859375,70.90562438964844,232.25,199.76998901367188,418.14886474609375,464.26611328125,542.9937133789062,104.27806854248047
2024-09-12,221.31619262695312,187.0,858.2885131835938,70.8303451538086,236.3300018310547,199.16268920898438,422.0630798339844,468.8233337402344,547.5675659179688,105.71317291259766
2024-09-13,221.04794311523438,186.49000549316406,858.8799438476562,70.98091888427734,238.67999267578125,196.9647674560547,425.6116027832031,470.92364501953125,550.4273071289062,105.63713073730469
2024-09-16,214.90829467773438,184.88999938964844,868.0435791015625,71.1690902709961,238.66000366210938,200.37730407714844,426.3529357910156,468.8431091308594,551.2401733398438,107.11976623535156
2024-09-17,215.3751983642578,186.8800048828125,877.1004638671875,71.07499694824219,237.33999633789062,201.71726989746094,430.1188659667969,469.0908508300781,551.4654541015625,108.51685333251953
2024-09-18,219.249755859375,186.42999267578125,894.7389526367188,70.85860443115234,235.50999450683594,200.05918884277344,425.8289794921875,467.05987548828125,549.8300170898438,108.89701843261719
2024-09-19,227.37635803222656,189.8699951171875,906.5303344726562,70.85860443115234,239.1699981689453,202.9029998779297,433.6178894042969,478.869140625,559.2125244140625,110.24658203125
2024-09-20,226.71075439453125,191.60000610351562,900.6345825195312,70.84918212890625,242.2100067138672,203.49102783203125,430.23748779296875,477.9576721191406,558.2457885742188,109.55278778076172
2024-09-23,224.99205017089844,193.8800048828125,909.187255859375,70.80213165283203,242.67999267578125,203.82843017578125,428.4978332519531,479.224609375,559.6408081054688,111.53912353515625
2024-09-24,225.8861846923828,193.9600067138672,912.6975708007812,70.88681030273438,246.07000732421875,203.9730224609375,424.2080383300781,481.5361633300781,561.2420654296875,111.2445068359375
2024-09-25,224.89268493652344,192.52999877929688,908.4019165039062,70.62338256835938,245.72999572753906,202.62344360351562,427.11395263671875,481.9826354980469,560.0042724609375,109.07758331298828
2024-09-26,226.0352020263672,191.16000366210938,916.3727416992188,70.62338256835938,246.97999572753906,202.22821044921875,426.3232727050781,485.6037902832031,562.2244873046875,107.2052993774414
2024-09-27,226.30343627929688,187.97000122070312,916.5569458007812,70.8303451538086,245.02000427246094,202.9222869873047,423.0713195800781,482.9052734375,561.4090576171875,110.07550811767578
2024-09-30,231.47943115234375,186.3300018310547,920.7265625,70.67042541503906,243.05999755859375,203.26931762695312,425.3249206542969,484.2148742675781,563.6588134765625,111.40607452392578
2024-10-01,224.7337646484375,185.1300048828125,905.7061767578125,70.87897491455078,245.61000061035156,199.58682250976562,415.8260498046875,477.4685974121094,558.6093139648438,113.98165130615234
2024-10-02,225.30001831054688,184.75999450683594,928.2318725585938,70.74684143066406,245.66000366210938,199.8278045654297,412.3071594238281,478.14324951171875,558.8450317382812,115.49279022216797
2024-10-03,224.19723510742188,181.9600067138672,922.6465454101562,70.4354476928711,245.49000549316406,197.8419952392578,411.7240295410156,477.7860412597656,557.8234252929688,116.5002212524414
2024-10-04,225.3199005126953,186.50999450683594,920.416259765625,69.9730453491211,245.0,204.8641357421875,411.24957275390625,483.4707946777344,562.892578125,118.63862609863281
2024-10-07,220.2432403564453,180.8000030517578,912.1544799804688,69.76542663574219,244.1699981689453,204.5828399658203,404.80499267578125,478.2919921875,557.8037109375,119.15185546875
2024-10-08,224.29661560058594,182.72000122070312,920.2999267578125,69.86923217773438,242.3699951171875,204.4082489013672,409.9151916503906,485.4350891113281,563.0792236328125,115.98699951171875
2024-10-09,228.0419921875,185.1699981689453,926.9422607421875,69.68049621582031,241.0500030517578,206.9979248046875,412.63336181640625,489.2547302246094,566.9793090820312,116.03453063964844
2024-10-10,227.54527282714844,186.64999389648438,926.622314453125,69.6521987915039,242.82000732421875,206.43539428710938,411.0321044921875,488.69915771484375,565.987060546875,117.03244018554688
2024-10-11,226.0649871826172,188.82000732421875,960.2412719726562,69.66162109375,245.47000122070312,215.6009979248047,411.5066223144531,489.46307373046875,569.3762817382812,117.47913360595703
2024-10-14,229.79051208496094,187.5399932861328,961.656982421875,69.61444854736328,245.07000732421875,214.8153839111328,414.29400634765625,493.57037353515625,574.0328979492188,117.92582702636719
2024-10-15,232.32388305664062,187.69000244140625,976.4737548828125,69.88810729980469,245.9199981689453,215.69801330566406,413.8985900878906,486.972900390625,569.5728759765625,114.38082885742188
2024-10-16,230.26739501953125,186.88999938964844,984.9586181640625,69.98248291015625,247.14999389648438,216.910400390625,411.30889892578125,487.03240966796875,572.0484619140625,114.67545318603516
2024-10-17,230.63497924804688,187.52999877929688,972.1102294921875,69.64276123046875,248.6300048828125,217.66693115234375,411.9019470214844,487.3697204589844,572.0975341796875,114.38082885742188
2024-10-18,233.4663848876953,188.99000549316406,976.4932250976562,69.68049621582031,251.27000427246094,218.5883331298828,413.3252868652344,490.5643005371094,574.2982177734375,114.05769348144531
2024-10-21,234.93670654296875,189.07000732421875,970.199951171875,69.20867156982422,251.22000122070312,216.28964233398438,413.9381103515625,491.5068054199219,573.3550415039062,114.12422180175781
2024-10-22,234.32077026367188,189.6999969482422,970.4714965820312,69.23697662353516,253.92999267578125,217.3759307861328,422.56719970703125,492.0425109863281,573.0504760742188,114.71347045898438
2024-10-23,229.25404357910156,184.7100067138672,958.2048950195312,69.06712341308594,250.8699951171875,216.68731689453125,419.6908264160156,484.5025329589844,567.814208984375,114.3047866821289
2024-10-24,229.0653076171875,186.3800048828125,954.1709594726562,69.18036651611328,252.8000030517578,218.21005249023438,419.8193664550781,488.4312744140625,569.0422973632812,113.65852355957031
2024-10-25,229.89981079101562,187.8300018310547,944.5419921875,69.038818359375,253.32000732421875,215.62042236328125,423.19976806640625,491.4076232910156,568.8458251953125,113.56349182128906
2024-10-28,231.8768310546875,188.38999938964844,956.32373046875,68.95386505126953,253.3300018310547,218.71441650390625,421.6578369140625,491.4869384765625,570.6043701171875,113.00273895263672
2024-10-29,232.1450653076172,190.8300018310547,953.3661499023438,69.0104751586914,256.0899963378906,216.19265747070312,426.9558410644531,496.2093505859375,571.5277709960938,111.46308898925781
2024-10-30,228.59835815429688,192.72999572753906,950.1661376953125,68.94442749023438,257.5,217.65724182128906,427.5291442871094,492.45916748046875,569.7988891601562,110.9023666381836
2024-10-31,224.43569946289062,186.39999389648438,951.2910766601562,68.93501281738281,253.50999450683594,215.2421417236328,401.6518859863281,480.0281982421875,558.6290283203125,110.9878921508789
2024-11-01,221.4552764892578,197.92999267578125,955.2183227539062,68.66804504394531,252.47000122070312,216.23146057128906,405.6253356933594,483.57989501953125,560.9866333007812,109.2486572265625
2024-11-04,220.5611114501953,195.77999877929688,961.4437255859375,68.94258117675781,252.8300018310547,213.16653442382812,403.7374267578125,482.171142578125,559.7783203125,112.72714233398438
2024-11-05,221.9917449951172,199.5,983.6010131835938,69.11296081542969,253.39999389648438,214.82508850097656,406.70269775390625,488.3221435546875,566.5470581054688,113.05976867675781
2024-11-06,221.26651000976562,207.08999633789062,998.6019287109375,68.54499053955078,245.6999969482422,239.6256561279297,415.32196044921875,501.5865478515625,580.6345825195312,114.99858856201172
2024-11-07,225.99545288085938,210.0500030517578,1004.6530151367188,69.05618286132812,249.64999389648438,229.2670440673828,420.51123046875,509.4836120605469,585.1241455078125,115.14115142822266
2024-11-08,225.72694396972656,208.17999267578125,1007.7752685546875,69.18870544433594,247.9600067138672,229.84896850585938,417.6546630859375,510.0789489746094,587.65869140625,115.10313415527344
2024-11-11,223.01174926757812,206.83999633789062,1021.893798828125,69.05618286132812,242.13999938964844,232.08944702148438,413.1770324707031,509.7813415527344,588.21875,114.49488067626953
2024-11-12,223.01174926757812,208.91000366210938,1004.9340209960938,68.63965606689453,240.0500030517578,232.35134887695312,418.1390075683594,508.8586730957031,586.3914794921875,114.38082885742188
2024-11-13,223.89691162109375,214.10000610351562,999.726806640625,68.61125946044922,237.6300048828125,233.9031982421875,420.2839050292969,508.203857421875,586.6763305664062,115.44527435302734
2024-11-14,226.98008728027344,211.47999572753906,1015.3386840820312,68.59233093261719,237.00999450683594,234.59181213378906,421.954345703125,504.6719665527344,582.9039306640625,115.52194213867188
2024-11-15,223.77757263183594,202.61000061035156,1015.6201171875,68.61125946044922,236.58999633789062,237.92831420898438,410.2018127441406,492.6476745605469,575.437744140625,114.32417297363281
2024-11-18,226.78115844726562,201.6999969482422,1018.14111328125,68.67752075195312,241.08999633789062,237.65672302246094,410.95306396484375,496.0704345703125,577.7954711914062,115.28237915039062
2024-11-19,227.03973388671875,204.61000061035156,996.9439086914062,68.80057525634766,243.25,235.7751007080078,412.9595642089844,499.4833068847656,579.9075927734375,113.6725845336914
2024-11-20,227.75584411621094,202.8800048828125,993.6082153320312,68.72486114501953,244.6199951171875,233.53463745117188,410.6861572265625,499.19561767578125,580.1041259765625,115.29196166992188
2024-11-21,227.27845764160156,198.3800048828125,996.8372192382812,68.6869888305664,246.66000366210938,237.39486694335938,408.913330078125,500.99127197265625,583.2183227539062,116.83468627929688
2024-11-22,228.62110900878906,197.1199951171875,1005.040771484375,68.71539306640625,249.83999633789062,241.07081604003906,413.00372314453125,501.794921875,585.0259399414062,116.7005386352539
2024-11-25,231.6048126220703,201.4499969482422,1000.221435546875,69.3496322631836,242.47999572753906,242.7584686279297,414.7765808105469,502.588623046875,587.0103149414062,114.95659637451172
2024-11-26,233.78292846679688,207.86000061035156,995.36328125,69.2265396118164,242.9499969482422,242.44810485839844,423.8883972167969,505.287109375,590.0753784179688,113.0401611328125
2024-11-27,233.6536102294922,205.74000549316406,988.5464477539062,69.41587829589844,243.49000549316406,242.2734832763672,418.93634033203125,501.3087463378906,588.2874755859375,112.74312591552734
2024-11-29,236.04058837890625,207.88999938964844,991.7947998046875,69.67147064208984,245.58999633789062,242.20562744140625,419.40179443359375,505.71368408203125,591.94189453125,113.03057861328125
2024-12-02,238.28829956054688,210.7100067138672,989.1864013671875,69.71229553222656,243.44000244140625,238.8400421142578,426.84979248046875,511.2198486328125,593.0029296875,112.92517852783203
2024-12-03,241.33168029785156,213.44000244140625,1007.5038452148438,69.55089569091797,243.92999267578125,237.45306396484375,427.0676574707031,512.7872924804688,593.2780151367188,112.75269317626953
2024-12-04,241.68972778320312,218.16000366210938,1003.6249389648438,69.78826904296875,244.6699981689453,236.0757598876953,433.22802734375,519.126953125,596.9619140625,109.50436401367188
2024-12-05,241.7195587158203,220.5500030517578,1018.12548828125,69.7977523803711,242.86000061035156,238.0932159423828,438.3782043457031,517.6883544921875,595.9795532226562,109.98346710205078
2024-12-06,241.52064514160156,227.02999877929688,1016.2640380859375,69.9876708984375,242.9499969482422,239.9166259765625,439.319091796875,522.3214111328125,597.1094360351562,108.82403564453125
2024-12-09,245.40940856933594,226.08999633789062,1019.6845703125,69.77876281738281,245.36000061035156,236.47344970703125,441.7456359863281,518.2538452148438,594.0344848632812,108.18203735351562
2024-12-10,246.4238739013672,225.0399932861328,1030.1016845703125,69.70281219482422,248.58999633789062,235.5520477294922,439.0813903808594,516.4878540039062,592.1875610351562,107.9616470336914
2024-12-11,245.1508026123047,230.25999450683594,1038.082763671875,69.55089569091797,250.9600067138672,236.20187377929688,444.68719482421875,525.7341918945312,596.7655639648438,107.24298095703125
2024-12-12,246.6128387451172,228.97000122070312,1031.80712890625,69.2755355834961,247.27999877929688,234.26205444335938,445.251708984375,522.34130859375,593.690673828125,107.14716339111328
2024-12-13,246.7819061279297,227.4600067138672,1029.5853271484375,69.00017547607422,244.2899932861328,232.71990966796875,442.983642578125,526.3394165039062,593.5726928710938,106.20812225341797
2024-12-16,249.67608642578125,232.92999267578125,1037.4884033203125,69.07612609863281,244.8800048828125,232.3707275390625,447.26226806640625,533.9190063476562,596.1072998046875,103.93716430664062
2024-12-17,252.10284423828125,231.14999389648438,1022.4520874023438,69.08563995361328,243.94000244140625,231.18743896484375,450.104736328125,531.5678100585938,593.6513671875,103.49638366699219
2024-12-18,246.7023468017578,220.52000427246094,994.2699584960938,68.5444107055664,239.25999450683594,223.4378662109375,433.1983337402344,512.3905029296875,575.9584350585938,101.97282409667969
2024-12-19,248.43287658691406,223.2899932861328,990.4011840820312,68.35449981689453,239.60000610351562,225.94996643066406,432.8417663574219,510.10870361328125,575.781494140625,101.10086059570312
2024-12-20,253.10736083984375,224.9199981689453,1002.44580078125,68.56340789794922,242.10000610351562,230.4503173828125,432.4158630371094,514.563232421875,582.697265625,101.44581604003906
2024-12-23,253.8831024169922,225.05999755859375,1013.1749877929688,68.34503173828125,240.9600067138672,231.216552734375,431.0788269042969,519.5764770507812,586.1865844726562,101.85784149169922
2024-12-24,256.7972412109375,229.0500030517578,1027.9189453125,68.4431381225586,241.44000244140625,235.01858520507812,435.1197204589844,526.6217651367188,592.7020874023438,101.95365905761719
2024-12-26,257.61273193359375,227.0500030517578,1027.383056640625,68.49076843261719,243.07000732421875,235.82362365722656,433.9114074707031,526.2639770507812,592.7415771484375,102.03990173339844
2024-12-27,254.20135498046875,223.75,1017.540771484375,68.3478775024414,241.39999389648438,233.91290283203125,426.4040832519531,519.2683715820312,586.5020751953125,102.03031921386719
2024-12-30,250.82977294921875,221.3000030517578,1001.2180786132812,68.6146011352539,240.6300048828125,232.1185760498047,420.7586975097656,512.3621215820312,579.8091430664062,101.34041595458984
