Date,AAPL,AMZN,BLK,BND,GLD,JPM,MSFT,QQQ,SPY,XOM
2022-01-04,-0.012691693708838603,-0.016915587005979504,0.006021401787456693,-0.00011876287489231974,0.007366515057776857,0.037909618456128724,-0.01714716120458204,-0.012970661682161322,-0.0003348069851951685,0.03761403551791154
2022-01-05,-0.0265995641640564,-0.018893091563845,-0.027746660533145784,-0.003445471815464396,-0.00300766493835114,-0.018281959323917518,-0.038388006021663035,-0.030721000508452057,-0.019202300428275088,0.012437513507032039
2022-01-06,-0.016693520478579638,-0.006710981961323137,0.004171229987809166,-0.0010728982181552604,-0.012244126909514819,0.010624109300291451,-0.007901802347929254,-0.0007025760551219173,-0.0009394050259861064,0.02352065704898232
2022-01-07,0.0009882807903272006,-0.004287778294336242,-0.0035956593841890427,-0.0027449939325160377,0.004551137683908024,0.00990796182330178,0.0005098125315989854,-0.010832712829436542,-0.003953483484496645,0.008196580052548086
2022-01-10,0.00011629205499752437,-0.006570176170610398,-0.02121558769619114,-0.0008374033871468844,0.0030402057039400354,0.0009571222267266144,0.0007321171846514929,0.0006579733233724738,-0.0012445578789862521,-0.0059521300276682565
2022-01-11,0.016783683260174653,0.024002125643924677,0.017004000831680743,0.0020357591560233868,0.0120646549718888,0.0010163893029244697,0.0022594232747152887,0.015022034537703455,0.009108456492347372,0.042062170822627865
2022-01-12,0.0025702311337660877,-0.0009373300985386912,-0.0034679812800978427,-0.00035818819150879033,0.002642622730480104,0.005671701815212593,0.010444967686969564,0.003965557599226566,0.0027035268777690913,-0.00294332622104454
2022-01-13,-0.01902796588893918,-0.024169655027437842,-0.01980553486880876,0.0016738245936032126,-0.0033969884760131075,-0.0012467397543358683,-0.04232256424059966,-0.025016157554377694,-0.013778579400063995,-0.007169081424654999
2022-01-14,0.005110640744523165,0.005731487003565627,-0.021876839739331633,-0.005491193388880489,-0.0028796749096049457,-0.06146346484357068,0.017716829017001334,0.006222605897311828,0.0004090727517156445,0.017556346173815962
2022-01-18,-0.018894060079007957,-0.019862738846190164,-0.019561986525540975,-0.006241847988561533,-0.001650255097062403,-0.04192788258973357,-0.024339200202186384,-0.024894247133099068,-0.01770956127379697,0.016835873879372354
2022-01-19,-0.021024719763155786,-0.016477101806013472,-0.007812106861237567,0.002415879545372812,0.015880526897095182,-0.015469010030135344,0.002246734244867543,-0.01098353830779597,-0.010383694675353494,0.0004105907085363292
2022-01-20,-0.010347234208610723,-0.02963230963415675,0.0012718950405874452,0.0010847215482630013,-0.0024988838330701757,-0.008527426521286685,-0.005703458509207393,-0.012988443268794225,-0.01106797319298447,0.0021885752846528828
2022-01-21,-0.012765195921567662,-0.05950180896147472,-0.03100834634221028,0.003730816542526494,-0.0032624385581478954,-0.017472590614318606,-0.01846818240085424,-0.027728648272903444,-0.019630550962769,-0.015013211575441221
2022-01-24,-0.004864206994657061,0.01332698348311534,-0.017604728393328606,-0.0015586493026427117,0.005494198734739664,-0.0008962060026339591,0.0011490226899946165,0.004577785963268077,0.004246448692985849,0.008591290069794866
2022-01-25,-0.011384904118846073,-0.031533745543573244,0.01490803722097822,-0.0013208266657156464,0.0031971345443269072,0.01090036020040741,-0.026588545999889024,-0.02318109700413895,-0.012208870515643566,0.029399481223541857
2022-01-26,-0.0005631135082635463,-0.007954330670553511,-0.0038571051767516407,-0.005532663911217095,-0.016166464916677392,0.009486293744966456,0.02849287406944101,-0.0015649497740560792,-0.0025086922254144994,-0.010142767875698011
2022-01-27,-0.002942924949847825,0.005508645722495764,-0.009440779352236195,0.0032654400301554976,-0.012898211138547944,-0.017644838800706553,0.010549019277772631,-0.010070482647256296,-0.004938038264421962,0.012808312512703868
2022-01-28,0.069777333450596,0.031084056738273746,0.025610292859450157,0.001205517168347825,-0.0029832934474428585,0.008946470774838788,0.02808180154694706,0.03136911855439206,0.024835522725324077,0.0021300739215197595
2022-01-31,0.026125843150462957,0.03886361030218932,0.018313732978053388,-0.0007225028488675456,0.005924537392067553,0.013573589683913978,0.008823794834771803,0.03197827449788537,0.018010917681850147,0.009033013409698532
2022-02-01,-0.000972561472290856,0.010830762802234384,0.003657529508142021,-0.0003980819667810387,0.0008328835308379912,0.01715980070126344,-0.007138875256114341,0.0068036006673783955,0.006756845179587412,0.06411227304670697
2022-02-02,0.007044249036292971,-0.0038427158906232384,-0.004164906470964125,0.0014485323127533256,0.0036259919505645666,-0.008005159493251535,0.015222209572142376,0.008125541066902997,0.009714278939427778,-0.0025978503554958676
2022-02-03,-0.01672013467980027,-0.0781276325178123,-0.020352196436554726,-0.0042193035489941355,-0.0014214062993387344,-0.00827009932718159,-0.038952469449429206,-0.040544052444232315,-0.023505094055389808,-0.011659613045308714
2022-02-04,-0.0016792059220169797,0.13535901735711864,0.005026126036070666,-0.0061745731521434255,0.0015420788696549614,0.025958384407971158,0.015568427953009945,0.012615060163703617,0.004702188566932053,0.02171181137337519
2022-02-07,-0.004234662166557102,0.0018777353189827206,0.008767297713904831,0.0008527013677623874,0.007402581993851909,0.003342944545117854,-0.016310138657205764,-0.008044520007184364,-0.003209162237134522,0.012037870216270008
2022-02-08,0.018466888365010314,0.022021627828944013,-0.011665632654634384,-0.0032858838510887445,0.003056870675416823,0.018814933444989856,0.011995333251611617,0.011235264017851021,0.008227788955220694,-0.025852686736979824
2022-02-09,0.008293933851628577,-0.0013877341505965646,0.006948314003885958,0.0007322585544229376,0.0033991784238243117,0.004167930981602064,0.02183445093559322,0.02119078547989095,0.014636116218005535,-0.004787210574615286
2022-02-10,-0.023599046005599034,-0.013561706274733853,-0.04281668628089241,-0.009151939011760146,-0.0037965605384254753,-0.004150631436245833,-0.028372899219842318,-0.022632270443955327,-0.0179656942652362,-0.009620143905941791
2022-02-11,-0.020218379929176744,-0.03591110674363196,-0.007324921658836692,0.006527517797755289,0.019054878321533186,-0.0130171902475672,-0.02427406241316321,-0.03172177163174528,-0.019718643486925758,0.025178834868297972
2022-02-14,0.0014230873904022001,0.012221683270054351,-0.015766982492959936,-0.005628513998259144,0.005350715998122091,-0.009290095515610997,-0.0001355381733354477,0.001238876096228303,-0.0032693451063934287,-0.01533461935964453
2022-02-15,0.02315247936204967,0.008658352201907249,0.02746243890797473,-0.0020919100042703365,-0.009499848975192515,0.014623879773240755,0.018542528160667038,0.02486391569653823,0.016126814490457164,-0.012534927174658317
2022-02-16,-0.0013888182867954901,0.010159039538768955,0.002854768009816322,0.0013565790243510456,0.010284254451501385,0.001809471123000117,-0.001167603863929223,-0.00025271012248351266,0.0011208442881431857,0.004616118829527949
2022-02-17,-0.02126929271587019,-0.021808901106176726,-0.02670360212535372,0.0022161423506423805,0.013668073780773726,-0.023032351102393878,-0.02928204589124017,-0.029743631538590942,-0.0213613688487142,-0.0015316360624414438
2022-02-18,-0.009355606461428967,-0.013261957754408193,-0.008498350877636396,0.0017203936312353285,-0.0007334549100845855,0.004688627654489963,-0.009630702098853972,-0.011405587254624705,-0.00647497595514368,-0.011121003660367612
2022-02-22,-0.01781238250553152,-0.015753494788264932,-0.01394143693547778,-0.0006131789585380742,0.0020890378623359407,-0.0017744170451367003,-0.0007295867990257943,-0.010043632701329575,-0.010731755070221394,-0.011633937069989053
2022-02-23,-0.02586403393668779,-0.03575624663287669,-0.017425075987177907,-0.005032121228169539,0.0045072272703239324,-0.02093907414200069,-0.025893091604831997,-0.02561529142749097,-0.017738640232632275,0.0040541694941493844
2022-02-24,0.0166802211381456,0.04509522427819257,-0.0009555676335764041,0.002220186168051974,-0.006450131470019049,-0.027842980643757564,0.051093455184664016,0.03360449798866716,0.015049036677953875,-0.01263505997051595
2022-02-25,0.012965221572816432,0.01605793012842116,0.02607304904641139,0.0008616249910540219,-0.003330678220184624,0.02365943758692346,0.009233045736773304,0.01550715062273511,0.02206409967838363,0.026912951252091366
2022-02-28,0.0016380405562177458,-0.0014662630028149382,-0.009295651997886067,0.00737812090394252,0.010365345791119474,-0.04169766571424105,0.004978451186953947,0.002978831347249411,-0.0025585495172558703,0.007451224366731957
2022-03-01,-0.011628055032437024,-0.015765550251120253,-0.039092152570983196,0.0052453448407661085,0.018163415997793697,-0.03772922210589247,-0.012852041148154858,-0.015311471102267271,-0.015230193302538053,0.00956401400308926
2022-03-02,0.020588381240660203,0.0060241839623909055,0.03249822813226633,-0.012284441556989267,-0.010406339832951472,0.020740525220370953,0.0177656608136596,0.016779644048524833,0.018396074308379085,0.017178235166091405
2022-03-03,-0.0019812976349440348,-0.027319556126581324,-0.0004471139908982513,0.004432962800140938,0.005953415398956663,-0.0071080627533872676,-0.01422415894890472,-0.014284867235288878,-0.0049783456076771815,0.006332857338871234
2022-03-04,-0.018408309451694915,-0.0152637929917393,-0.04945215763922706,0.0035556461139636397,0.015929145881701023,-0.028129221963212325,-0.020478853741098813,-0.014492064956971973,-0.008124699853791495,0.03763594265367587
2022-03-07,-0.02371748385610306,-0.05622045424233624,-0.02802213987003599,-0.004886306563908538,0.014862865283030269,-0.03861608000242489,-0.03777679342987683,-0.03688133825856221,-0.029479207626853188,0.03603272948199154
2022-03-08,-0.011676204081050079,-0.010465446730283379,-0.020972771079323493,-0.004665311545181461,0.027358997610294145,-0.007042978485942264,-0.010971075392055551,-0.004647864282054326,-0.00758160539956354,0.007575890053013845
2022-03-09,0.03499751320651545,0.024001199930983708,0.04583087198418423,-0.0027130101798362727,-0.029711176156992036,0.04006230587003734,0.045858035534573904,0.035997847796743976,0.026810655776500658,-0.056846890051420185
2022-03-10,-0.02718630844383485,0.05412515560997311,0.0056979580501936855,-0.005317865515669928,0.0031212277978962533,-0.011840453182102695,-0.010086548607731949,-0.011104490289218671,-0.004515485280697229,0.031042526068386644
2022-03-11,-0.023908530240249526,-0.008806846762653975,-0.014572580877514452,-0.0007455745393263324,-0.007027884128157469,-0.0225239490500746,-0.019328487523399995,-0.020738457306461844,-0.012715276541716114,-0.005154660852877191
2022-03-14,-0.02656251242401786,-0.025229488143872714,0.015268445807221198,-0.009208309204114418,-0.015073711931138378,0.009930947309687355,-0.012961019733433332,-0.019204548582987147,-0.007308214716129302,-0.03579850295613529
2022-03-15,0.029677348377973756,0.038867730338306705,0.014536887838496826,0.0016331443742074736,-0.01870545038411886,0.01774615999579754,0.03874282611580848,0.031366755552929115,0.021990631555428575,-0.0569124225868638
2022-03-16,0.02901529024227334,0.038933563723705156,0.03312276606858933,0.001504004236990486,0.006260803404375848,0.044685760764303195,0.025213024447838128,0.03708675737604561,0.022174220279877588,-0.003755524664551646
2022-03-17,0.006454284219001849,0.027007748989816838,0.013431629107800713,0.0008767765056345578,0.004888644573449508,0.01264451883834572,0.002819588855680122,0.012106232310529208,0.012510792271953619,0.02664760542919775
2022-03-18,0.020918986848138532,0.025512151358369817,-0.003158013199206944,0.002876545350413817,-0.008789852082788041,-0.0003568805304041689,0.01764768300294639,0.020467803537398188,0.010952815436566565,-0.003925146512603672
2022-03-21,0.008537566479668746,0.0014945523217748669,-0.006444733229661437,-0.01022726180584499,0.007640798069546317,-0.003211978760668255,-0.004227202722076218,-0.002780311691609194,-0.00029237958676819886,0.044871047199222636
2022-03-22,0.02080044884559551,0.02103830044237709,0.01776961223339879,-0.0025197877711067296,-0.007250775291250955,0.021267759927581453,0.016379308708516227,0.01965278034805995,0.01170150678308568,-0.004379590344215978
2022-03-23,0.00823375962292694,-0.008981816492546923,-0.013938106151523244,0.0045477615070721455,0.013659661796972422,-0.019913257123972294,-0.015029899190611595,-0.014371301796548663,-0.012878369764649622,0.015762360594676172
2022-03-24,0.022677951964713117,0.0014779010051912955,0.0024713948924017792,-0.0012573584042978592,0.007260367097212672,0.006510276994188047,0.015392808824204796,0.022226741208592138,0.01507434455414236,0.0030072026674705654
2022-03-25,0.003734017294791503,0.006868294014676479,0.003738172694411457,-0.00881391252573871,-0.004095451209537915,0.008742505167630421,-0.001381377094784253,-0.0008341948531587207,0.004883320546292147,0.021828104113265745
2022-03-28,0.005036556818832194,0.025592678900108856,0.011929391508613607,0.0029216025163336656,-0.018203790082975457,-0.007398445018942823,0.023116677782002215,0.015472401642469658,0.007113097574643623,-0.028051700135269253
2022-03-29,0.01913444209332482,0.00192027764251268,0.031151703412001686,0.004433081247682491,0.00044678784846130526,0.002200432491513693,0.015159405612969357,0.0172099143488198,0.012370843483385352,-0.0053133905498535805
2022-03-30,-0.006649506332177313,-0.01780118433038691,0.0053281118377814796,0.002270032119679133,0.008038419372069505,-0.004532949349605797,-0.004914598388585434,-0.011045661646532201,-0.006174750684920793,0.017118144352887388
2022-03-31,-0.017775754287102985,-0.019864567358571672,-0.01696776372028075,0.0007548166801374379,0.000387595883929448,-0.03002717981656866,-0.01768292100691171,-0.012394792105303809,-0.015391328173056551,-0.01420421412134043
2022-04-01,-0.0017181727539578029,0.003450973226124532,0.007315229135798518,-0.002168392356593052,-0.006365867342034592,-0.0074089578795862865,0.003600492658066612,-0.001903111797134982,0.002834073086224187,0.0064172457503093305
2022-04-04,0.023693322946752415,0.029264484561530857,0.016199777641868973,0.0007584240623217386,0.004846769455083555,0.00443443245568842,0.01793655268321359,0.020588386657054425,0.008566699527873922,0.0004813872717412959
2022-04-05,-0.018941880658462806,-0.025492089193307588,-0.02275540467036319,-0.01009745430330844,-0.006264842571455875,-0.011637468128076645,-0.012985087871643874,-0.022203963676888705,-0.012631400588454356,-0.005170896589859364
2022-04-06,-0.018450813798477905,-0.032300120131985244,-0.025116872546646518,-0.003059868577341529,0.002343216670796844,-0.013874352262305711,-0.036606141147016324,-0.021711525162270928,-0.009999348602258484,0.01112039736463255
2022-04-07,0.0018041577924778895,-0.0061194323502751224,0.004911396678091151,-0.002046285121685143,0.003784886240234764,-0.0030420041838151723,0.0062437340936301045,0.002377747936569641,0.005038977739068029,0.016736466927529614
2022-04-08,-0.011909012948068343,-0.021066740550443774,-0.01707860144130291,-0.005382946383453935,0.006265969312183373,0.018308103657177055,-0.014599740503490222,-0.013979154478584,-0.002673904010525474,0.021046493827818757
2022-04-11,-0.025515866384963837,-0.021613947156313595,-0.01048775424404369,-0.0046381855139145944,0.004959463770487282,-0.0036707815577931013,-0.03943170985257349,-0.023657318519313963,-0.017092200288427173,-0.03443100807207389
2022-04-12,0.011523443721078941,-0.002213363562407644,-0.0158571407153848,0.003236191064177607,0.007676751619003053,-0.010977381727612756,-0.011217982391047765,-0.004224143566345373,-0.0037052757825409843,0.020870391310308767
2022-04-13,0.01634245163061787,0.03152445706895657,-0.0015205661508809198,0.0011613608570446576,0.004788537865617837,-0.03223362643475958,0.019712430634219347,0.020326845998899223,0.011453408933460363,0.014135525442063868
2022-04-14,-0.0299880821599805,-0.024652684274885983,-0.03851949142717381,-0.00683072874390922,-0.003303550666205468,-0.009269349365578883,-0.027084352234449494,-0.022867036929738238,-0.012451611138480811,0.011749960312025243
2022-04-18,-0.0013308568560516099,0.007109164667870926,-0.011872043425102508,-0.0032439433374302773,0.0030971927027434454,0.018553772591948237,0.002465750397787181,0.0007684972715571448,0.00041098293135366504,0.00819760787715218
2022-04-19,0.014114938121607246,0.03488883060861969,0.031720616854536754,-0.0062492600952013255,-0.015112904376299419,0.02070673978976556,0.01703977668503409,0.022350810474697003,0.016142880538000837,-0.008921376360127464
2022-04-20,-0.0010154483039129802,-0.026041044919075107,-0.003663592822932271,0.006288558935614086,0.004894947496407287,0.003508433962073454,0.003715397931049358,-0.014584724733861187,-0.0007416893473118913,0.002278480431735952
2022-04-21,-0.004843811230959227,-0.037026427673936824,-0.0250925630727874,-0.005337663266639425,-0.0035576001936850066,-0.0077520598396424445,-0.019381169499883,-0.02069080964416603,-0.014953576831035376,-0.010572670123036754
2022-04-22,-0.02782111841650292,-0.026608937569704394,-0.027176955816933912,-0.0013092206244265103,-0.0097220932450649,-0.028722480211733514,-0.02414455185467168,-0.026185772740866642,-0.02743893662902619,-0.02183145421968069
2022-04-25,0.006737306090200512,0.011943186356370372,0.008054916353143593,0.006290802926259387,-0.017970993150090764,-0.00031549368237049347,0.024413377728828012,0.01284554842667407,0.005797461945994842,-0.033713272266919336
2022-04-26,-0.03732829867993326,-0.0457507730510871,-0.031768041761730426,0.0026053695117271847,0.001525017044941901,-0.029581056786540105,-0.03740380577337865,-0.03774487580981112,-0.02896088913220063,0.0003648682147736615
2022-04-27,-0.0014667807142967337,-0.008781047317448887,-0.00622835063199223,-0.0031179559335400286,-0.00755702425744631,-0.013005997130106639,0.04810911993820932,-0.001198156372778758,0.0028117643949463478,0.028557335288518004
2022-04-28,0.04515563672099576,0.04653418536434306,0.012363374630892432,-0.00039121960692045654,0.005398323510093839,0.01581288636071454,0.022632427474848393,0.0355157190640738,0.025259502707308368,0.03024609496224273
2022-04-29,-0.036604757319381176,-0.140494377749234,-0.040385782115468505,-0.006778707593222855,-0.00011297696546286318,-0.03226851701332145,-0.04181213512165538,-0.044998754338941405,-0.036955543542608105,-0.022362616823180637
2022-05-02,0.001966335894822091,0.0017580913238786078,0.00019229214939775474,-0.005115003015232045,-0.018540493535693647,0.009131844568946557,0.02504349447175458,0.016696049216812225,0.006019292231992157,0.013607114793136255
2022-05-03,0.009622595115310384,-0.0019799044812061073,0.010019170495497276,0.0023789535669611617,0.00264926246698316,0.021419801274865424,-0.009456379080234334,0.0010675241713691275,0.004584193868232278,0.02059942493580258
2022-05-04,0.041008773685856204,0.01348046853293483,0.05414686366870969,0.006460951652192959,0.009822544372671826,0.03308117103545327,0.029100887772271156,0.03381237088000133,0.03045294353152528,0.03980051343971858
2022-05-05,-0.05571660941395862,-0.07561036490424522,-0.04723170505567598,-0.009956241335278393,-0.003811138551277793,-0.025019576226261497,-0.043554735137889544,-0.050364427244308674,-0.035543011699119664,-0.015158287030879403
2022-05-06,0.004727418450839682,-0.014041240035030156,-0.008188591361064868,-0.004235503745855462,0.0016558743678838361,-0.0016139850087627527,-0.009446628573196447,-0.011980858304537212,-0.0059688052826814,0.015280880314280987
2022-05-09,-0.03318914333342893,-0.05213354825727934,-0.03668375225186582,0.0045187344994372936,-0.014479496708730832,-0.015033759393796586,-0.03694554016142104,-0.03912663212754053,-0.032017251155345705,-0.07885273445277285
2022-05-10,0.016112009699849494,0.0006434445934944133,0.007712025889235585,0.002910354238047752,-0.008445202872691127,-0.024372329587186714,0.018595525646513344,0.012148582121236373,0.0023105790127793124,0.006630215925186089
2022-05-11,-0.051841393645069345,-0.03203225709010704,-0.01619071174024611,0.003429800251110837,0.008167128516088473,-0.0063084926096173,-0.033209627819412946,-0.029658047668907894,-0.015886096750140966,0.02081870769291605
2022-05-12,-0.026894019970371774,0.014790404884573283,8.331263616900841e-05,0.0019718528436618588,-0.015333925720196762,-0.0008462960452613189,-0.01995746905845852,-0.002364473612386564,-0.001044161220594586,0.004539594669751734
2022-05-13,0.031916158506986925,0.05727556035084924,0.024866637910109235,-0.003673189854990766,-0.00810956630229509,0.008895315846471519,0.022596307057599407,0.03705965902830477,0.02390805788180983,0.02966389952235282
2022-05-16,-0.010672219038048936,-0.01985316173972196,-0.027188544811599824,0.0015796999316408655,0.009538483763206873,-0.006969363595511924,0.0014551963527427159,-0.011591203517796855,-0.004057454148022499,0.023520282674097892
2022-05-17,0.025422525406765262,0.04113327357999652,0.021917736334254423,-0.00591587847322006,-0.006279296383541522,0.0331472272550104,0.020344291725751473,0.025900897239883758,0.02057006920638349,0.012754321718224215
2022-05-18,-0.056419053005677955,-0.07156196640827217,-0.032465641992637684,0.004232225592315064,0.0005314848929158789,-0.017105993855506818,-0.04552958541333696,-0.04908992607965379,-0.040311492475305966,-0.015850680306193077
2022-05-19,-0.024641372725664468,0.0019278532990965047,0.0020613275409486764,0.002106620536737047,0.014697234801531733,-0.014822172801857048,-0.003699754701958713,-0.005358548802601337,-0.006124637332634797,0.005405433829135831
2022-05-20,0.0017472109952014758,0.0025345295167615856,0.012409694848916741,0.0030230039116172502,0.0006980112537449124,-0.008199050938910601,-0.0022912570177788805,-0.00310802989683312,0.0004364791214175323,0.007899857103637942
2022-05-23,0.040119152864544594,-0.0003160506951839226,0.01843638675873538,-0.0035376855994021517,0.004650369455528214,0.06187165712688092,0.03203225507167917,0.016627766993996262,0.018710005835392174,0.022098882469888004
2022-05-24,-0.01921597433813338,-0.03214110432537598,0.011185467534398752,0.008152139020757287,0.007521859850632806,0.014125365036933513,-0.003951842284211304,-0.0212624417490358,-0.0076335604957434855,0.00543185484481401
2022-05-25,0.0011400499893639005,0.025696475417555487,0.013342064523963915,0.004043734974162438,-0.006029994959596108,0.006964175488109348,0.011170159051203887,0.013995526992657714,0.008834863983787189,0.020127135469260926
2022-05-26,0.023199328036864975,0.04029499229486544,0.041238504144903265,-0.0010395097518881569,-0.0018488983177334939,0.01729006110601783,0.012875443861966485,0.027707009278258088,0.019981497306039264,0.00353070169715064
2022-05-27,0.04075690656255926,0.036632083603781895,0.021595890720201627,0.0028608895435637827,0.00052102106703944,0.014137810240267834,0.027604082577646682,0.03263954840704386,0.02454914005402764,0.009830215718946489
2022-05-31,-0.005346329856684373,0.04397010379074828,0.003825648409885307,-0.005705456406552845,-0.009893009276743081,0.007313238920746867,-0.0050138234919423486,-0.0026527473791475575,-0.005610905412515743,-0.016292469258851083
2022-06-01,-0.0008734509566691306,0.012266042992872705,-0.012808607848717846,-0.004468688198221882,0.006369033199590923,-0.017545139911075314,0.0020230213462035795,-0.007395956356040179,-0.008088611557328318,0.019166407265074348
2022-06-02,0.016811375664418815,0.03145034300738625,0.039333016896444084,0.0009190846843964984,0.012309182073779512,0.01608801083694189,0.007928905689936316,0.027385754526866535,0.019043472934078487,-0.0017375201057163725
2022-06-03,-0.03855574587075716,-0.025185068024527135,-0.014480119551053106,-0.001442574807750785,-0.010152017266979896,-0.013939345991527463,-0.01660707363241498,-0.02601932267788931,-0.01641155718172327,0.014538758412889763
2022-06-06,0.0052277672279228415,0.01994280728922404,0.005359266861778567,-0.005909936800461257,-0.0044037229040009285,-0.0033036665996875048,-0.004703535525254932,0.003330907485240564,0.003044583744670648,-0.002522892108118846
2022-06-07,0.017585755350884025,-0.014344105316090427,0.006322628892762916,0.0034351679442261585,0.006518420844169315,0.0026207827624038504,0.013953725861459487,0.008626025712023644,0.009592377411545394,0.04583171043053147
2022-06-08,-0.005043046700415221,-0.014796745486375773,-0.025308982343401842,-0.004080870008217441,-0.0009251975242893229,-0.015914396624507665,-0.007669822713744612,-0.0071967042603301445,-0.010872110797431112,0.011802150857858074
2022-06-09,-0.035955838179547284,-0.04150848957443054,-0.0038644153696368866,-0.001321922529956332,-0.0031832564859568535,-0.021015888417926454,-0.020783357670826286,-0.026784701484679485,-0.023782862768004565,-0.02160804261614724
2022-06-10,-0.038628571353814145,-0.05596211721574329,-0.06392364484727175,-0.008471295534494883,0.013412283666592417,-0.045965896083747904,-0.04456356133362205,-0.03527035887006069,-0.028995671552809466,-0.018274350711221632
2022-06-13,-0.03828507243245938,-0.05453719355874542,-0.03067974794877626,-0.01615290252731061,-0.026412288230091452,-0.029778390417585232,-0.04241279405916709,-0.04649651099276475,-0.03796819038543364,-0.04588891988893129
2022-06-14,0.0066727519214717645,-0.013118555361940287,-0.012510140434042416,-0.005427242597094706,-0.008003209616781914,-0.016639336208308264,0.009205008472476628,0.001815623063151639,-0.0030133786132765517,0.002608263364614505
2022-06-15,0.020111516682639996,0.052389802934770247,0.014664503438645005,0.0114594617696413,0.013050939388113303,0.011835932544414174,0.029735339796364224,0.024971667061227443,0.01425629571112963,-0.012591095921543283
2022-06-16,-0.0396514184235105,-0.037243378610853584,-0.023553945921871655,0.0021584831321408426,0.011243181594596585,-0.017156223938043724,-0.026970096767537588,-0.04034626942843478,-0.0330961538412472,-0.0368847510452841
2022-06-17,0.011533107735999026,0.02469609751257895,-0.005992252860845149,0.0005379314900386678,-0.008222816311715064,-0.0035262690259179053,0.010939975125207502,0.01215955040604677,0.0021558819646267935,-0.05766488273241799
2022-06-21,0.03276039617817039,0.023159471438541024,0.05543910822559295,-0.004573178404643441,-0.0037367862070599722,0.024771980115971592,0.02459124679109448,0.02522932800712785,0.02517350604608448,0.06223871089154542
2022-06-22,-0.0038270903240471554,0.0024843268523027096,-0.008559253808977374,0.008242915773878146,0.003985188163408093,-0.005611612808992916,-0.0024039235286752447,-0.0014585202465259295,-0.0018128940904276192,-0.03957142436228134
2022-06-23,0.021573809352017026,0.0320330939965241,0.02532515045750494,0.004825234960635694,-0.006129257292171064,-0.010939431464736749,0.022636450084599025,0.014892982633237795,0.009802690512189516,-0.030161704639490527
2022-06-24,0.024517290123928115,0.03575237064906034,0.03692918300577275,-0.0018675015269428163,-0.0009984622015154487,0.02984551345018227,0.03414991783899857,0.0342637466057949,0.03179362787125539,0.019833314194738216
2022-06-27,0.0,-0.027820692849391482,-0.016764956981047185,-0.004810350772429639,-0.0011170700540719114,-0.008012280819918671,-0.01049687628518603,-0.007331865383944591,-0.0038194215490715555,0.024510940093677158
2022-06-28,-0.02978961453170348,-0.05140434227234392,-0.012246359671047147,0.0005370539157258936,-0.0016480211262837052,-0.004811813501586104,-0.031749061582434845,-0.03046683303874287,-0.020433089000528426,0.027743441407073632
2022-06-29,0.013023995524854337,0.014152668728781626,-0.017739135504250214,0.005770697828037852,-0.0007663579045243951,-0.004489648529781176,0.01473797093698792,0.0009170518655405857,-0.0008143251030792165,-0.03693972559921577
2022-06-30,-0.01802751982072226,-0.024880638358707907,-0.014434707849254824,0.004270183946295969,-0.006077047294322124,-0.02333037037470931,-0.013179287566039588,-0.012402978590431935,-0.00812422141048863,-0.02814353536449321
2022-07-01,0.016163945453579576,0.03154127203651247,0.012577287277017568,0.00797460300134789,-0.0008310541616338707,0.012787500604435786,0.010707634752580741,0.006600239641939121,0.010576510653757198,0.022302797800232144
2022-07-05,0.018930458849052645,0.035962053023039786,0.006518369828006909,0.0017169961743839224,-0.02120964335120412,-0.003803854130025708,0.012597207278448375,0.017119892503953293,0.0018885878068248818,-0.031296733677569355
2022-07-06,0.009607291417438102,0.007312791463036872,-0.009634120161145843,-0.006065146387330689,-0.015842188833696924,-0.006481762463973251,0.01278282641810069,0.006412089527591647,0.003377278361903935,-0.01804011512384074
2022-07-07,0.023999455091984867,0.01749322109655349,0.014575536862958538,-0.0027859726432948317,0.000555053276362516,0.02529265933708258,0.008226776416921044,0.021398978789333167,0.01497709627273891,0.031940549699649434
2022-07-08,0.00471474671956873,-0.006791033294013538,-0.006637939961508188,-0.003325795433657186,0.0004315313201161963,-0.0031380798919251607,-0.002757094487710665,0.001254243688620038,-0.0008226217769158328,0.0016288790000666964
2022-07-11,-0.014758106964627205,-0.03280250030721621,-0.023500493734631256,0.0037369355922567404,-0.005360507452973451,-0.01311642031318605,-0.011768743975110962,-0.02136439137661239,-0.011423491063879965,-0.00511146904997839
2022-07-12,0.006833773868777149,-0.022639810105564928,-0.002826387835635602,0.001728987677772409,-0.0037167247224720867,0.0009744378019582722,-0.040981371146713075,-0.009687468422352352,-0.008848958453470668,-0.013311668400225685
2022-07-13,-0.002536568994047639,0.010803884746268588,-0.011453860613558797,0.003186148623526286,0.004787690503602615,-0.009382889182899423,-0.003745066024864463,-0.0020611464348124775,-0.005251613166521563,0.0040237467830333
2022-07-14,0.020482573015881966,0.002083294604712016,-0.01299499700358897,-0.0031760293220736147,-0.014047055610919013,-0.03493876757476222,0.005381636989048033,0.003570795869848986,-0.0024283497800177134,-0.020037697034221424
2022-07-15,0.011450087447543611,0.02639434033114041,0.01994459040080887,0.003584359556572325,-0.0020084561635671516,0.04583324584159865,0.010390157358027619,0.01813958267703586,0.01910505729452372,0.016839036342112923
2022-07-18,-0.020643058534039915,0.0018493974357440823,-0.004730400714537675,-0.003042659380336432,0.0009433945063559435,-0.010269972877948397,-0.009621219240280698,-0.008462921393529776,-0.00825705246297892,0.018452846916351406
2022-07-19,0.026721686651697052,0.03911741266419111,0.05156228665759466,-0.0007956536683781934,0.0023874693093759447,0.02477871469063464,0.020766979610516323,0.03075327907321146,0.027019101475189267,0.02520302518037676
2022-07-20,0.013510117784210962,0.03857539627705431,0.01016959298726916,-0.0009294822783709744,-0.009402031234323593,-0.0001747273409793415,0.010557308831252499,0.01585666650819295,0.006373112575365214,0.010989251596069893
2022-07-21,0.015093917835167447,0.01515028639903937,0.007215781844493119,0.008240150499213117,0.014110421925231709,0.00680978547667066,0.009799294351923393,0.014355039623356491,0.010183341799725909,-0.01669657082283449
2022-07-22,-0.00811052488328412,-0.017732481209791984,-0.008869054716722169,0.008172576384498642,0.00249575020790771,-0.004855915344904371,-0.01691579992030623,-0.017535492525482477,-0.009278119407715502,-0.007635263051434582
2022-07-25,-0.007398346284063995,-0.010455798059483823,0.003960972903670923,-0.0036609401004382702,-0.0027385476219622396,0.004008298210561589,-0.005876735016120849,-0.005695342221694433,0.0012149218542236717,0.033302619402644895
2022-07-26,-0.008826573299021034,-0.052253606265046715,-0.0207650372109206,0.0002625949556009921,-0.0011858106875901608,-0.015622456880495239,-0.026774156951006933,-0.01964912521616413,-0.01183103302155597,-0.003889938979989571
2022-07-27,0.0342348779782522,0.0536538959419941,0.0327157598247092,0.0027551558617193717,0.010184984698782484,0.016046874989624538,0.0668518174458963,0.042259698298274584,0.025966414844542207,0.021644722350558254
2022-07-28,0.0035718469075847192,0.010829110898360028,0.025896576822065365,0.006934188501432903,0.012185323455280006,-0.0037314210472160214,0.02854067753337186,0.009778197612649642,0.012542433463656355,0.011685061378752026
2022-07-29,0.032792994831630784,0.10361464095050721,0.013939872965225808,-0.0007793283219038605,0.0028110896821249565,0.004790530456949993,0.01566511255912162,0.018237042532530445,0.014578660761690676,0.04630825813280404
2022-08-01,-0.006153610900829776,0.0032604850044939404,0.0033026343662405644,0.0043393406637091125,0.0056672312077465925,-0.009968807805302626,-0.009724218695872366,-0.0006024499631835933,-0.002961271436345614,-0.025275838513315385
2022-08-02,-0.009287327724490146,-0.009084834427092181,-0.00778983757306928,-0.01011965149194971,-0.005938288400823777,-0.015585348116858966,-0.011474382596025956,-0.0029815668385404503,-0.006597342441964971,-0.004339628889629021
2022-08-03,0.03824793804804538,0.039952299225118226,0.036598059329305155,0.004980120413495381,0.002438243761313297,0.010495434995625441,0.0278364140268903,0.027232656251055865,0.015659477464466942,-0.03242263166356263
2022-08-04,-0.001926411637098835,0.021860686341448332,0.007921081886846926,0.0024779469279425648,0.016539989487255546,-0.011002642457946243,0.004177557270518495,0.00467648077190419,-0.000675469935079609,-0.042078744320100836
2022-08-05,-0.0013891682950378792,-0.012414983387324718,-0.00011491206678626575,-0.011317701388311008,-0.011246066300201418,0.030259851810519933,-0.0026089740140062823,-0.008169123072043205,-0.0016902814515160625,0.014451133366579771
2022-08-08,-0.002902885068986394,-0.009872154542052702,0.0004887449688937284,0.004473684330574823,0.008470017618367853,-0.012180247978464731,-0.009155128102151577,-0.0032321947254605465,-0.0011609926055744513,0.005652957666213876
2022-08-09,0.00030338782760197525,-0.011333489631663474,0.00034470351892701423,-0.002226709500812607,0.0030595386607856767,0.009007373321463508,0.0070637917181830545,-0.011318878368493435,-0.003970888342227585,0.01843740083012091
2022-08-10,0.026194550939054206,0.0352608325167747,0.041205166388016856,0.002757167925409254,-0.0025119508170524663,0.026087822436052344,0.02430034265154357,0.027910903185135227,0.02100392879580637,0.009493279727285753
2022-08-11,-0.004431656989363653,-0.014366830308238487,0.004743741428669068,-0.005630014549093287,-0.0026382206776995876,0.014781604068821563,-0.007401096041838917,-0.0056757115772440025,0.0,0.028927817967412395
2022-08-12,0.021425574688171745,0.020691152408548463,0.03181214998776971,0.004608210786271716,0.00919802099904432,0.016563823923714027,0.017037366167563572,0.01947041624472723,0.016929155561475007,0.008692071241273247
2022-08-15,0.006333675288515028,-0.0025775713556979163,0.005307088456281361,0.0010488469839826653,-0.012867030834262327,0.0027022488112140586,0.005344052274135924,0.008081337927829058,0.004120593562157104,-0.017872341513511802
2022-08-16,-0.000924004673015788,0.0111747882760318,0.0016536947924952194,-0.0013097701797035732,-0.001750096754401964,0.009554085503509668,-0.002589667797110451,-0.002341827024621934,0.001958995057923296,-0.00931546392672733
2022-08-17,0.008784592248809009,-0.01851079360669594,-0.018294279069508423,-0.005899195869960683,-0.006468335614034371,-0.00841227790103305,-0.0026363906640868295,-0.011406270755542458,-0.00709816851349776,0.008090774034369197
2022-08-18,-0.0022916133605738187,0.0014074379989574837,0.002691129251289004,0.0018462015363525097,-0.0026164156896926194,-0.007749352502702811,-0.003947412679328854,0.0024051226106629464,0.0029062591069910493,0.023644157744025396
2022-08-19,-0.015101889916480316,-0.02860159688639219,-0.04209504930434338,-0.006318592992114236,-0.007320625681104476,-0.024745118278409972,-0.013853975303387833,-0.019497153070149653,-0.013437862801883083,-0.0031781633097206496
2022-08-22,-0.023029244001810723,-0.036243902638259384,-0.02633630757275962,-0.0045036801008181415,-0.006637179344595956,-0.016522124587973197,-0.029355017400236605,-0.026327112054898905,-0.020822453955557263,-0.0007442034108547935
2022-08-23,-0.0020291656418589543,0.003002506326521548,0.00276266236298639,-0.00039906259504407515,0.0069908740848763085,-0.009856805767763377,-0.004716503760278434,-0.0008270442167072067,-0.00241922277234341,0.042442239053605446
2022-08-24,0.0017939878979409407,0.001347163157822573,0.004949681186141142,-0.0025292900230636794,0.0029489200401788818,0.002424043896035455,-0.002351533461578126,0.0028969015713817825,0.0032011089327885767,0.005918419129667507
2022-08-25,0.014922694663037417,0.026008936084948253,0.014534248167058283,0.0054716413235120775,0.003062787136294043,0.023747801447324912,0.011095499508154694,0.01768204312521715,0.014117453267787017,0.005173452631175746
2022-08-26,-0.037699245560254946,-0.04756700784791723,-0.04807178358005615,-0.0019907411668338426,-0.012152705301765265,-0.032728852616045856,-0.038587059969702575,-0.0409878835589228,-0.03384890217852743,-0.012312119896777607
2022-08-29,-0.013690314447763918,-0.007342307563037775,-0.0008130123934670941,-0.004521647191402911,0.0006182375550920494,-0.0024419389996894747,-0.01066816743905763,-0.009855698351415976,-0.006612375483671773,0.022989738614122235
2022-08-30,-0.015305374230805247,-0.008167020675137082,-0.004690334540096486,0.0008014395108868477,-0.008340578885610683,0.00017476758435130968,-0.008520678248688407,-0.011136455104975629,-0.010977727918811242,-0.038054435051759206
2022-08-31,-0.010634827658252521,-0.015225659516225343,-0.009409553455611674,-0.004138322677628814,-0.007725314789180926,-0.005943400118139541,-0.005704268515523858,-0.005813419544467235,-0.007609085001863636,-0.007475771609036785
2022-09-01,0.004706565169481758,0.008282741023605045,-0.0023108067174090197,-0.0054271787198731936,-0.008790162100319021,0.006858359317987173,-0.004092241617264847,0.00043421642097940527,0.0031378603540006544,-0.017993590880977295
2022-09-02,-0.013611152237862134,-0.002425266463259912,-0.01021282327369255,0.0025665423114418218,0.008804709144487166,-0.006986153971623943,-0.016666592290594417,-0.014128131730824167,-0.010544515224715667,0.01832329271365918
2022-09-06,-0.008214798717398275,-0.010979542799969155,0.012936628765152891,-0.009025969675342638,-0.0058394619355668365,0.00026360862993723977,-0.010973982495546708,-0.007182495322631266,-0.0037731730986650946,-0.006695291718357921
2022-09-07,0.009253704225151038,0.026722663554652915,0.019028894516384565,0.007204871021932346,0.010168638866495439,0.01899085838426795,0.019111457250785557,0.02020156152299557,0.01796516328728104,-0.008530863439741743
2022-09-08,-0.009617727421948996,0.0026259778181887405,0.02625227240256378,-0.0031045053092843,-0.006002292729855863,0.023295906218253615,0.0016662922690999782,0.0051842716107790565,0.0065361344923133835,0.008179472450924097
2022-09-09,0.018839731980110352,0.02657523304266962,0.005116374501062504,-0.0004063543515340218,0.005283756568463582,0.004806007389287492,0.02297669917373102,0.02186208810569945,0.015535421116245063,0.016752838142024107
2022-09-12,0.038508008929313275,0.023861278411006825,0.0019411249105902861,-0.0012189728645276565,0.005068186218703863,0.011831925371009966,0.008281249925776057,0.011885892663618725,0.01074749615230064,0.011502356249899481
2022-09-13,-0.05867951748980216,-0.0705752837581286,-0.07448226917493417,-0.005017435988866281,-0.01301133993119441,-0.034748834588576805,-0.054978563520293955,-0.05483680486932507,-0.04348237150261314,-0.023358222014303598
2022-09-14,0.009555240543558163,0.01364140798846103,-0.0020622700483912126,0.001226850809424418,-0.003847613448870524,-0.0023196467965140855,0.0009126406304742485,0.007933173682143746,0.0038156458962976814,0.024546157911052857
2022-09-15,-0.01893000411952217,-0.0176585314552421,-0.017464774252046067,-0.002995136876389415,-0.018679143196684067,0.015070638324858443,-0.027119282293102787,-0.01665348880571227,-0.011353216347238404,-0.029077528093738647
2022-09-16,-0.010959924124307796,-0.021777003694830932,-0.008856089723891292,-0.0010920368465301422,0.005549107201315628,-0.006702379655026847,-0.002608167933376815,-0.006114971114715706,-0.007629004076830315,-0.01708304795210247
2022-09-19,0.025082898809507315,0.009147615105472573,0.012748671381832777,-0.0006834613005555212,0.0007700871329356929,0.00922454722626398,-0.0008987398008720726,0.007787455488570627,0.00775508731388741,-0.00010737288928475142
2022-09-20,0.015665208676607367,-0.019813903001303146,-0.0195674043844416,-0.004924263262284456,-0.005706587274526553,-0.019719194623267544,-0.008465528137968525,-0.007971010300539705,-0.011478790608369982,-0.008154216551457094
2022-09-21,-0.020267339803273,-0.02987152347123645,-0.022850252814101468,0.002749609678359688,0.004642973675810236,-0.028835263508438236,-0.014435988191457305,-0.017906141815822396,-0.01744368642512628,-0.016118728507882207
2022-09-22,-0.0063753349657240665,-0.010376272544574294,-0.012482214461259855,-0.010281310279567357,-0.0005776772692025478,-0.011378657373776635,0.008495608929520948,-0.012307635464648858,-0.008399808656148422,-0.004178159546767035
2022-09-23,-0.015124039388893395,-0.03009120154088929,-0.015170399130547185,-0.0027701357005304184,-0.01727683040546535,-0.01861345925457225,-0.012698392424937754,-0.01628166645012108,-0.016754687235213006,-0.053218504061067984
2022-09-26,0.00226047292062459,0.012040804722097675,-0.011396724757330223,-0.012778009061781392,-0.011633219026207842,-0.02153223701623619,-0.0019755319435417196,-0.004137871557913564,-0.009892605003978927,-0.020641564744598995
2022-09-27,0.006566099566496675,-0.006426381710496365,-0.010348196454267544,-0.004361132880912222,0.002049841746687875,-0.008802101715613242,-0.004379758513450738,0.0004010618763807816,-0.002552989252567528,0.020957445188412915
2022-09-28,-0.01265144833639753,0.0314657666190894,0.011804340340587638,0.015543392681628854,0.02078665233491006,0.020217238328517295,0.01971158639571602,0.019892032758242584,0.01967637686277879,0.03638909147152414
2022-09-29,-0.049119279670678195,-0.027201076403397084,-0.03674218748936153,-0.005148586130565125,-0.00019392836526865853,-0.01694611596038864,-0.014809088730439846,-0.028827527717619983,-0.020889008225880468,-0.0020253931443803275
2022-09-30,-0.030039110746060027,-0.015679468675155683,-0.024187921306851323,-0.0023774901815951655,6.462244018679009e-05,-0.015636720505119772,-0.01936828018309833,-0.016956827220108495,-0.015463568558133467,-0.015448928964467257
2022-10-03,0.030752422307931182,0.025486701357681163,0.040779061955417584,0.008374422824168892,0.024309785681440932,0.030909218015666706,0.03366245522440492,0.023460527912338103,0.02640124847902059,0.05280015351979728
2022-10-04,0.025623345627693084,0.04496029692750958,0.03244175903715085,0.002507726313912384,0.014328122056449066,0.04678345811081597,0.03381254127410327,0.031440334885090904,0.030986700582536386,0.03644502878870792
2022-10-05,0.0020532340003305283,-0.001156159830559278,-0.013783088034138191,-0.0052817922468260114,-0.005538266375543777,-0.012346695909778549,0.0012856496300635012,-0.0005313879171583435,-0.0023282237971598008,0.04041145825449988
2022-10-06,-0.006625791495896705,-0.00537407121029132,-0.01978905872728709,-0.0037721637911225514,-0.00112629171222689,-0.020382340278941258,-0.00967095134699203,-0.007872769759717735,-0.010315939699597099,0.029660995300181625
2022-10-07,-0.03671876952095143,-0.04771409266460691,-0.037105841413430096,-0.00518947122892266,-0.010962851258976669,-0.019974108645363975,-0.05085283171869559,-0.03810420886043142,-0.027893802124728695,-0.010092246570031382
2022-10-10,0.0023558183625465023,-0.007768849586377025,-0.008830067903219718,-0.004511188173752734,-0.015201476317757034,-0.009341362821746912,-0.021303032243121134,-0.009996257298557465,-0.007635082983286967,-0.02167672267092724
2022-10-11,-0.010254999794853559,-0.012844190270001499,-0.026395399139728548,0.0002827724188658731,-0.002058091550185215,-0.028859891154878303,-0.016750272009627087,-0.013738168259057604,-0.006332967299063297,-0.008498541501849255
2022-10-12,-0.004604790922312474,0.006149206372302096,-7.573308184860572e-05,0.0011327250058330574,0.00534932850905423,0.016182750595796325,0.0015085464443718166,-0.00034249160147936664,-0.0032985872724360377,0.004387686275876934
2022-10-13,0.033612841660005444,-0.00327726077574253,0.06576962553189936,-0.003535302895146364,-0.006923532232980256,0.05559314804952331,0.03760788304345297,0.023452092561871973,0.02639109441266152,0.034948933521098624
2022-10-14,-0.03224032362936835,-0.05003107895219994,-0.026641769498543466,-0.004825633463147461,-0.012458897998479546,0.01664087159804062,-0.024248827557911468,-0.030057362423500655,-0.02278870814818701,-0.02630827718928097
2022-10-17,0.02912303216917067,0.06445275295885255,0.03321515878564374,0.0021396449412824925,0.0028762090057179446,0.04200016619342328,0.039245934350074174,0.03302168614760559,0.025696816128676803,0.014416868884045586
2022-10-18,0.009409334398200908,0.022585461588422673,0.020746779497080592,0.002276747763920506,0.0021509701146735782,0.025720440717717175,0.0040834921324997,0.007907713551562168,0.011749548483255934,0.0017889302826459286
2022-10-19,0.0007653869238857247,-0.01108629175628062,-0.005438555492953578,-0.008235328284542653,-0.013398358104674823,-0.01960593687438561,-0.008469631956352308,-0.003646604312937396,-0.0070864294849511955,0.02966249160501544
2022-10-20,-0.003267327234999007,0.0015642678860967596,-0.009586328629948904,-0.00672879237766788,-0.0015822103586343728,-0.0032615784182985497,-0.001395496533803109,-0.005101843785617177,-0.008385143837066789,0.0013490777842208868
2022-10-21,0.027058972729191666,0.03531453097461368,0.04350402284769039,0.0017298237043938958,0.017827646105301076,0.052527354582408536,0.0252806513783852,0.023447792409434065,0.024301295100532583,0.018570189631439638
2022-10-24,0.01480277587504264,0.004190412347291339,0.023741782834930225,-0.0014392995396489416,-0.003243594030472474,0.0012271710392792734,0.021187788678594277,0.011001249318592032,0.012236613547212505,0.006990439572111873
2022-10-25,0.01933767361246419,0.006509754475742646,0.04006919218955307,0.009510047212603512,0.002277944142005106,0.002614801312510684,0.013791811302575896,0.0206860323536866,0.015968397129237033,-0.006754382518110447
2022-10-26,-0.019627097382268754,-0.040961814879887926,0.0029246641734017587,0.003996793203246529,0.006363608620383543,0.011491357130757551,-0.07715634995718312,-0.022096142796816487,-0.0075340204880226525,0.011900408407988783
2022-10-27,-0.03046540700796796,-0.04063638620803933,0.01752931030172733,0.0052601757281383055,-0.001548523944967184,0.003948191019469194,-0.019755995798124815,-0.018206249460778534,-0.005340076390131787,0.003826712094352258
2022-10-28,0.07555266468404831,-0.06804249715805744,0.022758898697452956,-0.0019797818267123235,-0.010210687443231947,0.011878003540595872,0.04022036976362631,0.030600608956540487,0.023790891765611333,0.029288615774178295
2022-10-31,-0.015410439341455917,-0.009380148789788212,-0.026877559840285836,-0.003117641577066177,-0.008161399648159207,-0.0015863736196362055,-0.01585626078497837,-0.01162768263970615,-0.007223449984294361,0.0009937187761905886
2022-11-01,-0.017542809608213306,-0.05515425020719422,0.009428556764957685,0.0010403783466110816,0.010203429757038585,0.018033076145292037,-0.01705942986495801,-0.010217800091856022,-0.00437567382710613,0.009926858032544894
2022-11-02,-0.037304922473056834,-0.048248766657425834,-0.020230119288092374,-0.0015657165910810678,-0.006972548399621914,-0.009207869515033273,-0.03536827187278824,-0.03427727000037284,-0.02509635763442808,-0.020552188341459998
2022-11-03,-0.0424051102553854,-0.030612240672440172,-0.007826910499632578,-0.0038487475122945813,-0.003806036048150885,0.0018113949217186676,-0.026578701935891846,-0.019534533919515318,-0.010296925101002885,0.013593635718659902
2022-11-04,-0.0019470763775456534,0.01881299269611514,0.035246917824587554,0.0002858653155424218,0.030696289684813083,0.0273584225319492,0.033325288013531296,0.016084618565033404,0.014393195351602772,0.010891242018938874
2022-11-07,0.003902197902044824,-0.00494619214148917,0.030709501917749238,-0.0038622670771111256,-0.003962389674382338,0.00528016299617029,0.0292695857022498,0.010994681315403376,0.009565673667864205,0.011842180985057071
2022-11-08,0.004174958085809033,-0.006075283660437414,0.014830762164302458,0.004452076477405642,0.023099074133724695,0.0006089343068789166,0.004388641974321761,0.007287363908146993,0.005395177225498982,0.0031678609811993663
2022-11-09,-0.03318989742029854,-0.042676192754212194,-0.024346932217236272,0.001429208357809575,-0.0050172660211307285,-0.013008562419142056,-0.019050125046742417,-0.023076517293245558,-0.020601939154760274,-0.04473682665041545
2022-11-10,0.08897459656983053,0.12177847617944293,0.134688253804228,0.020702858117567224,0.030444387121793204,0.04115902052737708,0.08226802685868395,0.07378869010296674,0.0549541504531188,0.014692326651298604
2022-11-11,0.01926867107404484,0.0430508514990382,0.0196627287991491,0.0,0.006606324071935177,0.0016285309935732961,0.016997261243575146,0.01842611473825606,0.009678565481835877,0.031221771441314994
2022-11-14,-0.00948560340749316,-0.022819754250081425,-0.043368612801018114,-0.0032171499106223855,0.002187655661719301,-0.01027323027429694,-0.022499947731585812,-0.008751402412805143,-0.008506835843065885,0.002919329970233475
2022-11-15,0.011869342505215208,0.004569038353104293,-0.001133336542242569,0.0070163296078729065,0.0035168677995043307,-0.007243552386739682,0.001738653310813465,0.013838410916656718,0.008529074920174962,0.006703641657287651
2022-11-16,-0.008331003264576142,-0.018394983322363,-0.01793859273254761,0.005713791013765013,-0.0022961020109516506,0.0013538432897068908,0.001823507712883421,-0.013649523205719438,-0.007628569190647472,-0.010689468398929813
2022-11-17,0.012971283290959867,-0.02337318995330062,-0.007867494294305333,-0.004156990039748121,-0.007267423593311895,-0.0043570951361616705,-0.00020690733647810156,-0.0022069752346419724,-0.00306005302506851,0.0013283931036074392
2022-11-18,0.003781853521733991,-0.007485493894513584,-0.0009706395131974244,-0.0016695573872838043,-0.006893636502166456,0.009808443705780823,-0.0019032416662065899,3.5143593328346157e-05,0.004540531016781646,-0.008667948938382852
2022-11-21,-0.021680380929192222,-0.017845764989037338,0.004288091056434462,0.0,-0.005589952950737276,-0.00590247774176933,0.0034408587631473697,-0.010287186417401895,-0.0036363395576103352,-0.0099036656348781
2022-11-22,0.014661218887371374,0.008003437930963697,0.013472568941959029,0.005156675882159734,0.00117372396636517,0.014956515841459295,0.012311401384640375,0.01440271406622129,0.013457144487337924,0.028926664581118144
2022-11-23,0.005926381067293596,0.009978544373689724,0.003912854924019937,0.006100927576669024,0.006231840940288613,0.010663734446276552,0.010406964033268018,0.010036949942287876,0.006301751880785078,-0.004992046328838762
2022-11-25,-0.019593578334905493,-0.0076489282090407285,0.0019828158963064446,0.0,0.000858470616118101,0.0019050449233390943,-0.0003635571754694311,-0.006578743520014307,-0.00022378655594312846,-0.0035206807673772156
2022-11-28,-0.02626432496533415,0.00578089353348199,-0.022513555865726342,-0.0012403052204603693,-0.007903495498554403,-0.017478373197923225,-0.02315242401071327,-0.014673063654096707,-0.015956866296472416,-0.0300327589208923
2022-11-29,-0.02114813693243711,-0.016285245651894598,-0.009942260641433776,-0.0037257740920044746,0.004940425418036076,0.016449604665732087,-0.0059149759132490765,-0.007569645403181169,-0.0017175482493495542,0.006647870076954554
2022-11-30,0.048593748661552416,0.04457912603558589,0.002801237468307294,0.007756452241510781,0.012781920270785507,0.011862688280804834,0.061623560070990235,0.045585918433212136,0.031500592340891975,0.007237072990971205
2022-12-01,0.0018915650713675625,-0.010772746070691896,0.008631400472283168,0.008333661728432862,0.01838479961277617,-0.014039550498132658,-0.0017637394393975603,0.0012271266306460582,-0.0007360430301596166,-0.004850032074038557
2022-12-02,-0.003371230846312745,-0.01434557849824114,-0.012739073221729402,0.004098064363482035,-0.0034556830535615868,-0.007927278651247316,0.0012957064858982736,-0.003983565509821818,-0.001153666836937739,-0.008483638559833251
2022-12-05,-0.00798333205544921,-0.033145598727553405,-0.000308691439007136,-0.007890806479928902,-0.017158885635801036,-0.028040754776817223,-0.018900424670689864,-0.0167830966327861,-0.017989177304263304,-0.027398541781650465
2022-12-06,-0.025369861055484333,-0.03032636052572657,0.003404390326968265,0.003291464106570885,0.0027373742314797944,0.0016748376664474929,-0.02030378984383041,-0.02072052949922798,-0.014414971325160342,-0.02779598686140905
2022-12-07,-0.013784763630797392,0.0023795930251859776,-0.0015908058370666112,0.008747816157766986,0.009039101712364994,-0.0006843074750995104,-0.0030597290151428425,-0.004082658305266773,-0.0017011221933391774,-0.0022140383523475693
2022-12-08,0.012132400176704916,0.021365582288144003,-0.008065786375328954,-0.0028457182103381884,0.0008416965556858891,0.010494727848657792,0.012399128202118082,0.011834680606009229,0.007833908674596435,0.0074288162822433446
2022-12-09,-0.00343467637443029,-0.01394579034322141,0.004989686536747362,-0.005842864420796401,0.003544160110315664,-0.005418754263878944,-0.00800306552095309,-0.006376791725341335,-0.0074701142163321466,-0.008427586119166275
2022-12-12,0.016389890240039007,0.01638799835988136,0.0032250143747203364,0.0,-0.008260534556326027,0.015511539659961882,0.028889125963646123,0.012551522268697823,0.014417265915605215,0.02462823031809025
2022-12-13,0.006782517688334488,0.02142456926150338,0.021036979511787735,0.006833879093287809,0.017081132038632596,-0.00096857151367713,0.017464698732815087,0.01075027667839179,0.007569831743930333,0.010934051055000449
2022-12-14,-0.015535878240082734,-0.009838858835905628,-0.01744100709887353,0.0024436238643337216,-0.0024330212847030186,-0.004996879540617893,0.001167679878958161,-0.007413872110787145,-0.006393490449424277,-0.007365792243644642
2022-12-15,-0.0468543719737442,-0.034177820705733164,-0.01874880960748526,0.0005418201503810671,-0.01635930934057528,-0.024810772198635922,-0.03191819921183736,-0.03357651841029119,-0.024461795734401104,-0.009581231717713745
2022-12-16,-0.014578497250375189,-0.006670394101153776,0.0029218301983753303,-0.0025714671107101017,0.008708721678036602,-0.006226178638235047,-0.01734876927475082,-0.009534391941943832,-0.011806066607231047,-0.007018200952783382
2022-12-19,-0.01590976517377929,-0.033462353983410575,-0.011068045417947925,-0.005970985512808502,-0.0028178306902848504,0.005955661024551473,-0.017327913437996445,-0.014053880865594781,-0.008479819542821954,0.0044891173934411555
2022-12-20,-0.0005289243498803886,0.0031795134041781026,-0.0013138939280760153,-0.006552919164635074,0.016594482836064905,0.004843952959980635,0.005614348098308852,-0.0007781647972683325,0.0013684551158701375,0.014452797986945543
2022-12-21,0.02380962146309984,0.018546709195681466,0.030915698076557918,0.0023364463914765654,-0.0016560135809358112,0.011247902540813204,0.010876847339131634,0.014506048918762948,0.014952544716633875,0.012840812993440087
2022-12-22,-0.023772804251650625,-0.034343619255829294,-0.013479637749426732,-0.0001374502125767174,-0.012085358459954287,-0.011349724918956805,-0.02552890958995946,-0.02446502418313312,-0.014266243762891873,-0.02017392776144833
2022-12-23,-0.0027978493738635146,0.01742450254827599,0.000867438477720972,-0.0031334003990962644,0.002998321039039853,0.0047450275315827906,0.002267205476952139,0.0022489472417452916,0.00575222840947287,0.02644505568783262
2022-12-27,-0.013878529198884215,-0.025923742926365456,-0.0009659427844327384,-0.007721049608984454,0.008430011409881644,0.003504041338628028,-0.007414162624213794,-0.014138343711248669,-0.0039434392114019445,0.01389396299680623
2022-12-28,-0.030685101140155102,-0.01469172937442731,-0.0041665013144213114,-0.001389801887286768,-0.004505807286929064,0.005465331315171129,-0.010254918451987116,-0.01320288571078898,-0.012427864350758266,-0.016426243599961587
2022-12-29,0.02832447783386227,0.02884381103830358,0.022589530019448523,0.0037567514048986173,0.005598251568726287,0.005737679461369272,0.02762956789081117,0.02437557439848015,0.018000333502281807,0.0075659352059851415
2022-12-30,0.002468702377734111,-0.002138278742257471,-0.010500503388846116,-0.004158393797748183,0.0046786689817972515,0.006605632278812168,-0.004937404168091519,-0.0006004473875926841,-0.0026338766937238356,0.010073476360286548
2023-01-03,-0.03740469842698668,0.021666663033621747,0.004811900426937132,0.005290041404447665,0.008370656531798915,0.007606116733462898,-0.001000790733723833,-0.006759938538366872,-0.004210098542793306,-0.03436088306665086
2023-01-04,0.010314208573187766,-0.007923564525679994,0.013847674468921323,0.005676318698871974,0.0094119059589024,0.009325110775512346,-0.04374321018188554,0.004764256514524279,0.007720342956566428,0.0029105221687983907
2023-01-05,-0.010604719163214482,-0.023725589118479662,-0.028618893628097553,-0.0011012193065504938,-0.012451461859522062,-0.00022191545574556937,-0.0296378525377895,-0.01565450957522252,-0.011413403376530518,0.02237412853834697
2023-01-06,0.0367942316432488,0.035611152390083056,0.052421299179456815,0.01102716850773744,0.01870749684189077,0.01913586442451276,0.011785414920368886,0.02760135068845515,0.022932006919602177,0.012086688082797892
2023-01-09,0.004088710955961972,0.01486987397850048,0.020311643430251936,0.0027264903885195757,0.0022451175785793698,-0.0041323529982300045,0.00973627566779034,0.006473215473966176,-0.0005669877765408504,-0.018637274487345534
2023-01-10,0.00445664075565988,0.028731709234134817,0.005697461499813983,-0.003943209118963842,0.0036760446135073455,0.008953903891907977,0.007617210473400693,0.008464678152971361,0.007012903252812119,0.014934837592452732
2023-01-11,0.021112268169743986,0.058083825879343465,-0.0017960718345094717,0.0053237401655406025,-0.000686793935011365,0.007431614603901515,0.030238303529853683,0.017299987458241572,0.012647776709798109,0.01162702021487183
2023-01-12,-0.000599396584984091,0.0018929468094222024,-0.002592777596572171,0.007739092143885795,0.011568000967502767,-0.0010027476204644836,0.011621347083717648,0.005404355516034798,0.0036409659984948384,0.016611157502544716
2023-01-13,0.010118806553970794,0.029915043601747016,3.955369085373306e-05,-0.003368107199275716,0.012001783992939385,0.025234801500330972,0.0030188628208145385,0.0068806585206226956,0.0038793275244197734,-0.0006181944090557501
2023-01-17,0.008756662121232495,-0.02109661268732821,-0.005649741244213691,-0.0013519349133946923,-0.00654507834469964,-0.015453599305558674,0.004681613066467083,0.0020289232834280746,-0.0018317533362395277,-0.001944528560188008
2023-01-18,-0.005369993045445054,-0.006142675153973931,-0.003161203978530369,0.009205324329890407,-0.0028717524486322477,-0.030042266453024657,-0.018889113663112966,-0.012999874153422075,-0.01578806976893643,-0.020543661907263755
2023-01-19,0.0004438574757708036,-0.01864654092151996,-0.023402401418851748,-0.002011780510251193,0.015868520044824974,-0.013326651289042535,-0.016454021502760097,-0.009824757403550488,-0.007279723613634492,0.006419115609899606
2023-01-20,0.019220668003111507,0.03810845093076898,0.016222187268924104,-0.004435783662409487,-0.003335405556458948,0.002448877991680476,0.035743556847115165,0.027366912070618366,0.01862883479905353,0.018235689209646022
2023-01-23,0.023500473751810746,0.002776315095798454,0.008507507136734649,-0.0024301513724419577,0.0018964337632443318,0.0162125865321725,0.009824429976939442,0.022216052472074255,0.011998704703106489,-0.005205206468482437
2023-01-24,0.010062923623693987,-0.012305137300550828,0.005413991615064839,0.004465937569667844,0.003618515163479552,0.008596479705963445,-0.00222623985847914,-0.002041933925007622,-0.0010733436673517893,0.0093118777922796
2023-01-25,-0.004700645102763135,0.008928577793566816,-0.0010901970258947458,0.001212735687825095,0.004603959599926544,0.0048388203625553405,-0.0059079402427019145,-0.002219354031411158,0.0003747375802849451,-0.005271852725096116
2023-01-26,0.01480316722993269,0.02099198301215366,0.010183086358059645,-0.001883910774553299,-0.009055266877154966,0.0061818787826708466,0.03071354299439788,0.01949740807557787,0.01099038459627022,0.04019076966353197
2023-01-27,0.013684439742329468,0.03043737760442866,0.0003689671501869718,-0.0010785853545349777,-0.0013929904624704337,0.0024289035761275724,0.0006451240975160477,0.009954468890680745,0.002297868431302197,-0.018257515414343506
2023-01-30,-0.020078138902390075,-0.01652968356145279,-0.014910803977848275,-0.0028349509531622186,-0.002566715270248765,-0.008480446695299015,-0.02196147273888338,-0.020218908059476015,-0.01254691763902338,-0.017732163012636692
2023-01-31,0.009020857602695553,0.025658817736008643,0.015176554139593623,0.00460238974386229,0.0036362115419990015,0.005965794235192057,0.021012557481086658,0.014986051312651183,0.014703527535389949,0.02157449993127991
2023-02-01,0.007900662527032143,0.019586971068148662,0.004504706103904521,0.006428238195977709,0.012596814339808304,-0.002643726992686668,0.019934687420241515,0.021383704508327606,0.010627595205165097,-0.010947304294852245
2023-02-02,0.037062740552927353,0.07379935352944922,0.010621240941946608,0.0006714530452724965,-0.02075193653580043,-0.0046565687641023645,0.04688413651092738,0.0358898387826887,0.014557004057750289,-0.03128806269901696
2023-02-03,0.024399941694906113,-0.08431497620839845,-0.01760688078935202,-0.0088508807022456,-0.024957770292002968,0.015474181234746531,-0.023620350568870685,-0.01777235400289856,-0.010629155737525209,0.006927470201321784
2023-02-06,-0.017928847351824873,-0.011703250716856073,-0.019520294736713684,-0.006223212905745568,0.0020754098721176284,0.005882802611700155,-0.006115873747553957,-0.00845917312603739,-0.006111418158281534,-0.001697490100510457
2023-02-07,0.019244732259686925,-0.0006850625818668465,-0.002101317189226126,-0.001361420226129617,0.000920425708082595,0.012190137085670294,0.04202188236439208,0.020718898341971714,0.013078717216112645,0.028550884787148068
2023-02-08,-0.01765291630355703,-0.02017429777965274,-0.01479443187803442,0.0017717345221521796,0.002471594120761589,-0.007030967458692139,-0.0031020065127973506,-0.017781211355312965,-0.010934767554053204,-0.008701702723214577
2023-02-09,-0.006911255414789652,-0.01809100582487666,-0.019031155475085493,-0.004082595378667286,-0.007912418174625069,-0.015563870837257299,-0.01165959172583586,-0.008837952709247032,-0.00866917436792669,0.003774572936969811
2023-02-10,0.0024561818877599784,-0.006412838631079665,0.010531343378209268,-0.004235917245969056,0.0019071943211166342,0.004415270936653837,-0.00197246696061415,-0.006563318358988934,0.0023336124253092727,0.04215116917632877
2023-02-13,0.018806662985919598,0.019772567289289666,0.018520816871443913,0.0027440437085117786,-0.005076170279846859,0.010848154326372539,0.031242950799182267,0.016016206772106578,0.011739120021226901,-0.00388966048246997
2023-02-14,-0.004224785259283603,0.0016073541414833858,-0.01053058603552448,-0.0034210777284165994,0.0007537389032514774,0.004418793367617413,0.0031326616831577336,0.007389057636181917,-0.00046020229468834994,-0.011714762248793642
2023-02-15,0.013903162667387114,0.014643999584324163,-0.00680235483669267,-0.0021974708478457172,-0.00996466725346834,0.004189959069764271,-0.007992746921624438,0.007660988919220069,0.003247432041463272,-0.0030063556540295133
2023-02-16,-0.010429388608335532,-0.02975486385196624,-0.015451758704283614,-0.0038535430072439425,-0.0008192368783922488,-0.01376912685677667,-0.026622799727036073,-0.018764023176766842,-0.013768715296190392,-0.00292929947387921
2023-02-17,-0.007546563662392147,-0.009679109147912035,0.004431792608429186,0.00221106615159794,0.002986790669610162,0.0029619057814402883,-0.015601735871199618,-0.007055633496792835,-0.002498268459261266,-0.03845153003558954
2023-02-21,-0.02667972297622978,-0.02695468312187932,-0.02849911940405625,-0.008684957703235185,-0.003737004613899475,-0.01834952341967222,-0.020886605272777303,-0.023675223977782656,-0.020061138529232858,-0.0009884191626206018
2023-02-22,0.0028957983817057276,0.012793392483054111,-0.011986930589977352,0.0022248032206675372,-0.005626488586046308,-0.007663123970998553,-0.004590964436979816,0.0007478667178575371,-0.0013781254000787557,-0.012953067978505262
2023-02-23,0.003290572044337692,0.000313172345862478,0.0064443896291617175,0.003607828453866979,-0.0005304511136865475,0.008010724064496433,0.012961660243201223,0.008734484033047663,0.005319538971691573,0.009204317238150406
2023-02-24,-0.018005113944731366,-0.024212061179431754,-0.012155953481856163,-0.00553059749721696,-0.00719467575637045,0.009021321064713872,-0.021784272496994994,-0.016744236740862117,-0.010682417607301486,9.026670109468782e-05
2023-02-27,0.008247545815419866,0.0027807715104863906,-0.0005412942754485783,0.0016683470989304894,0.003920334893926292,0.008727780369048865,0.003771787164880136,0.007161054335376393,0.0034057834309804136,-0.0018057051493381993
2023-02-28,-0.003447802410552425,0.005012811540044737,0.009325503899922039,0.00027769361920593205,0.00455596886271592,0.008370682699384346,-0.0029580620678523184,-0.0012925792363559507,-0.003695891282399666,-0.005789366515214556
2023-03-01,-0.01424605569047288,-0.02186145722806776,-0.012865659372339855,-0.005924206179862557,0.005772150633673867,-0.005580537522171025,-0.012629321647178227,-0.008039113669333076,-0.0038358899774079136,0.008916322201986793
2023-03-02,0.004129094938822631,-0.00043399062951077205,0.007861168476295699,-0.0020985305035226,-0.0005855636445488699,-0.010382081339433857,0.01965314612076563,0.008275716347100781,0.007776966842608202,0.004599279803288114
2023-03-03,0.03508994722466685,0.030066258059702422,0.013602512635995767,0.007710573918763286,0.010723085619275707,0.018359774828347275,0.01664608426718206,0.020673788751964572,0.01603815951878551,0.012657128486602165
2023-03-06,0.018539636322489228,-0.012118034851298809,-0.0026802354674592133,-0.002365103753379727,-0.005043830646819902,-0.005847249406380484,0.006188953302679989,0.0011346451454656847,0.0006926940584963681,0.008864330664161812
2023-03-07,-0.014496592130024633,-0.0021333007812499583,-0.019945259725133946,-0.0011157615384780328,-0.017480480627863337,-0.029407858252156305,-0.010588888174038913,-0.012265909642314332,-0.015328755088898638,-0.019330490197104755
2023-03-08,0.008377087379433767,0.003955051898638651,-0.00044457804116526667,-0.0008374879221069165,-0.00047445044105887124,-0.005915401842377155,-0.0017706110645583362,0.004994290649702915,0.001632105030223041,-0.014604459771869305
2023-03-09,-0.014914403640554075,-0.017781071140368643,-0.034225102779727234,0.0033531171736314036,0.009849316056938173,-0.054136521613920685,-0.005439468237752543,-0.017325781257180872,-0.01844978667740882,-0.007728380204037211
2023-03-10,-0.01387881786990186,-0.0164769283801236,-0.024950604587776537,0.011976281232336294,0.021562856843419187,0.025395236194210913,-0.014782928131108153,-0.01404363310303014,-0.014429526627396938,-0.012370893112962467
2023-03-13,0.013266071232932664,0.01873687738723384,-0.014582169460923167,0.00798149898162226,0.022948211912439564,-0.017957413239009012,0.02144092927407626,0.007416300877107984,-0.0014253574715532569,-0.011504783539834418
2023-03-14,0.014089158224440235,0.0265065123894086,0.01927233570798048,-0.00628013472405331,-0.005791064746217711,0.025676142668265678,0.027055976133752546,0.02297993749924432,0.016530205709997636,0.0037544346870490575
2023-03-15,0.002621398443027223,0.01391230747297123,-0.009548140862754573,0.01030387754327089,0.007804133170404848,-0.04724404247916336,0.01783016849559549,0.005245935730932461,-0.006254410158404444,-0.049747493144300936
2023-03-16,0.018693893277604845,0.03991688242309577,0.008294538012087571,-0.004759505147884702,0.002020092008242713,0.019413669114392684,0.04053682845541062,0.026360650756420023,0.017545173813752424,-0.005806027542148318
2023-03-17,-0.0054537531998885,-0.010895681300578386,-0.0004238815394036477,0.007241411263368525,0.02912021467748982,-0.0377820088724532,0.011694182701160516,-0.004726018570911927,-0.011692532916541598,-0.01177864369667636
2023-03-20,0.015483738623937704,-0.012531560404374087,0.010758523431340983,-0.004340781241104041,0.0003808677357699519,0.010571481429443308,-0.02576678638963803,0.003548534775212886,0.009615617620955863,0.026141793939371327
2023-03-21,0.011943969646127206,0.029679680207260972,0.02888618667587317,-0.0027247725220568286,-0.018875115806276432,0.026820818307034422,0.005693897659255764,0.014282509481001515,0.013130427484720597,0.04480234724324372
2023-03-22,-0.00910315722609456,-0.018984232685839597,-0.020886423063286697,0.00887993895981598,0.01702060989813825,-0.02581387990714501,-0.005442460664083826,-0.013597603918582335,-0.017046505197727657,-0.022888555864161275
2023-03-23,0.006969411053920016,0.00010133876939955044,0.005336882768219642,0.0023018972891974965,0.012538176085624908,-0.0026732951698518193,0.019721690727624974,0.011858020311047435,0.0027035001134714243,-0.01128215055007431
2023-03-24,0.008305623733125156,-0.005875816395847999,-0.010586350644599785,0.002026461906768917,-0.011252350246951037,-0.015215956086528482,0.010480450852121015,0.003680341338022197,0.006561906420421204,0.0011603893207903226
2023-03-27,-0.012293362204569225,-0.0009171134251457769,0.00533426944094173,-0.010381650836722378,-0.009256722051406152,0.028660614492275194,-0.01493403317882247,-0.00685125975904155,0.0018696828190316594,0.02192618794703205
2023-03-28,-0.003980377722677009,-0.00815996577200262,-0.0032084746731965152,-0.0017707999550442555,0.008189093257242153,0.003035176340490331,-0.004160776189915838,-0.005311880068157304,-0.0022445193559600396,0.01247617798667866
2023-03-29,0.01979073487290628,0.0309543624265336,0.016990645039592467,0.0010921218775414854,-0.00496077000653139,0.0020172853591895468,0.019183897748231482,0.018234162834952494,0.014534816606693202,0.017176984563463504
2023-03-30,0.009889981121271596,0.0174563591022443,0.0058123819942337285,0.001363197845121622,0.009039576549164652,-0.0030199636755156023,0.01261973765993929,0.00946525697881695,0.005855383007110193,0.004864151491219104
2023-03-31,0.015644023851697053,0.012647067799287592,0.012223181644051673,0.005173355373114141,-0.005212246135594234,0.012116445928643138,0.014962348320134211,0.016630797938668174,0.014094634098594794,0.0015528248702023628
2023-04-03,0.007701622896280291,-0.008519675143944028,-0.004050188941270072,0.004249732044682819,0.007204410308019105,-0.001150979046141254,-0.003711450666725069,-0.0024302841744678894,0.003810451606296228,0.05900031099271397
2023-04-04,-0.003249678003898082,0.015037527888523972,-0.010954120356927999,0.004056513669505213,0.018640958960437715,-0.01336805746636538,-0.0001741312146680274,-0.0033736470002044827,-0.005548052498062894,-0.00955827086133143
2023-04-05,-0.011290110636560713,-0.027417013542964663,-0.004657898989312792,0.002693301971256945,-0.0007979247786651378,0.0014910397849958734,-0.009889568963782347,-0.009872227956205015,-0.002618316013305977,0.0171274494520548
2023-04-06,0.005496025727397269,0.009495540049077267,0.0005488551472718761,-0.00026891533064243855,-0.007134091065472581,-0.0010971060483140338,0.025533021069461315,0.006742076968293098,0.003900866318010676,-0.0165824176594066
2023-04-10,-0.01597227203496754,0.0010778033801970288,0.005210315650605812,-0.006716003554341099,-0.007399886547073353,0.0032948689496044015,-0.007578879073264488,-0.0005661010636391905,0.001026356586023125,-0.004433051043579939
2023-04-11,-0.007591265673662639,-0.022022120390757682,0.0149432617678249,0.0004051162499494332,0.006320556237305208,0.004926104598472758,-0.022668350433687312,-0.006417459350912202,0.00026865557472710577,0.0070719835459436275
2023-04-12,-0.004353224611179596,-0.020916697119598093,-0.005539814783931396,0.001081751565508382,0.004885138866613126,-0.00015566510378650644,0.0023334954460609847,-0.008833833476992514,-0.004076043628473691,-0.0010404226505498215
2023-04-13,0.03410380603031271,0.046713683014299345,0.007147543176495796,-0.000540118943384793,0.013515672558895409,0.0038133398618172,0.022399698848321936,0.019581966949620444,0.013282842315307297,0.004686228182486207
2023-04-14,-0.0021142194629366617,0.001074224694457282,0.030712839167788664,-0.004458964248604147,-0.017710313033589165,0.07551000387776408,-0.012765685004025196,-0.0018797656467354207,-0.0024428041818131963,0.0024186027093431317
2023-04-17,0.0001209640998041106,0.0022436418178335416,0.010168608588774664,-0.005428890428579192,-0.0044537552497120325,0.00792894638969499,0.00929598968308376,0.0008474242475648985,0.003588257021585939,-0.01163293522953912
2023-04-18,0.007504769353297025,-0.004282604839014548,-0.006200177480232827,0.0015011667225235392,0.003880780603893852,0.011227562051819406,-0.0014887817810235182,6.273344830565186e-05,0.0006521253640527913,0.019529394465523486
2023-04-19,0.006968394224875274,0.019550341547772243,0.0017434036728887214,-0.0013631363452895062,-0.004778520212877502,-0.0012726205294928405,0.0002774435070418413,-0.00047047134800271007,-0.0001688969718518507,-0.00316409300348075
2023-04-20,-0.005846565336789733,-0.0046980391066805405,0.0016398403668871353,0.0043664578106659135,0.00393825919904689,-0.0029035459773618655,-0.00811240309363892,-0.0076242487674768045,-0.005457151387651016,-0.007977999304703998
2023-04-21,-0.009780774150280336,0.03034391291745231,-0.02217191348180081,-0.0017662266437104002,-0.00988766926809792,-0.0019172772157292073,-0.001223471656785935,0.001043283499132075,0.0007769631466461036,0.003199663176428391
2023-04-24,0.0018784624918177784,-0.007011967150520215,-0.009912724009785712,0.003946471956910225,0.003039335460481629,0.0013517868278207779,-0.013962803755482533,-0.0020845885826543675,0.0010431735680329624,0.0188775939793544
2023-04-25,-0.009435468293656268,-0.03427172037496595,-0.021477622497201865,0.006507185820356476,0.005086318131183543,-0.021743698552146085,-0.02253587805894819,-0.018863992399982377,-0.015873777110465337,-0.014213279109620891
2023-04-26,-6.125015537028489e-05,0.023496184744855597,-0.013703030217580014,-0.003501775528784834,-0.0054373863086726315,-0.017723646897772838,0.07243444126985166,0.006064998168467284,-0.004235814912717517,-0.00918297685089231
2023-04-27,0.028395250666963356,0.046103983455159314,0.01845800632672767,-0.0043248016558068425,5.410039265330013e-05,0.013458777431105018,0.03202794693982103,0.02719085133367427,0.01990829149679585,0.011953217356987622
2023-04-28,0.00754101271882357,-0.039792412663683385,0.012856877950301104,0.00556523864545877,0.0002706525128974846,0.00868288807627926,0.00797174220563246,0.006898594423747628,0.008535148710519413,0.012924829743359956
2023-05-01,-0.0005304091677037492,-0.032242712137328766,-0.012261738601406003,-0.010283953127459,-0.004491351825477108,0.02141180661357467,-0.005532782884965504,-0.0011470879055646144,-0.001009724786520949,-0.031012415819566597
2023-05-02,-0.006191299648990234,0.015482549283793778,-0.01736129842439471,0.009843908593355044,0.019296640909943763,-0.016147012002070693,-0.0004908516639319238,-0.008721536651603912,-0.011239323558495329,-0.03985349030477858
2023-05-03,-0.0064672943960830676,0.00019303553981586674,-0.013891747531766474,0.004196723029842309,0.008479075840785555,-0.021163514016686702,-0.0033073319805183576,-0.00654388005573836,-0.0068639389787009675,-0.01970941220730893
2023-05-04,-0.009913479270042824,0.0033767339022539034,-0.01673404325935146,-0.0013478137856078876,0.00703295344911492,-0.013678495754756992,0.003318306722462694,-0.0035297450447113743,-0.007082992966750412,-0.017511237523051504
2023-05-05,0.046926836510176706,0.015961573674128537,0.02029565506128317,-0.00364513183217241,-0.015647950479605433,0.019534898339030438,0.017157149055897047,0.0212543737812132,0.018512551957353907,0.024896363430775947
2023-05-08,-0.00040320552404948806,0.0016089169321718,-0.0020789900346704915,-0.0047426068878111405,0.0012269055761324754,0.0024134453243336296,-0.006438225527256036,0.002477477997425259,0.0002666124372818768,0.0039564394362010535
2023-05-09,-0.00997125031550783,0.00746481056277859,-0.011770383065281997,-0.0010894211840295487,0.007086162362163639,-0.004814971270252211,-0.005345921625673489,-0.006333447580900486,-0.004385370113328069,0.00027492305252252436
2023-05-10,0.010420891023401824,0.03348339526223332,-0.010053911772678004,0.006133607161968646,-0.001428442843921074,0.0005129853381173888,0.017296440203678598,0.010881914937379111,0.004672556045436815,-0.012827558206891854
2023-05-11,0.0010948093283640326,0.01805969525073481,0.020407402633827232,0.0032510772046601133,-0.008582755587748347,-0.0031504350388423807,-0.007044396412372311,0.003260162370968711,-0.0017441553206185567,-0.018099112431836373
2023-05-12,-0.005417544637412175,-0.01711533396079623,0.004797498469089723,-0.0052661815615902,-0.0017100802429794726,-0.014333085248733557,-0.0036759813354036996,-0.003586722025520128,-0.0013102866117302714,-9.449035751063484e-05
2023-05-15,-0.0028973083178027714,0.008525256609829501,-0.0005426273153553707,-0.0025791018083788364,0.0021412620336231925,0.008426335553137987,0.001585826488701647,0.005415025156340736,0.003450063419773608,0.001907000400124259
2023-05-16,0.0,0.01978421437062372,-0.016936949128297463,-0.00244956204677238,-0.0124993937971285,-0.00672905646718136,0.007367808439403323,0.0011320495771374173,-0.006682520719085261,-0.024269431115968576
2023-05-17,0.003602871624520221,0.018518504813616277,0.026521535810341224,-0.0017734402053127818,-0.0034618889303412725,0.030747473816160165,0.009451657362088195,0.012104103703077795,0.012138740834934048,0.022434633778955826
2023-05-18,0.013666361567330254,0.022943736154795724,0.028725487156089358,-0.004099860812637468,-0.012972911279784505,0.007583525518622958,0.014394781345753227,0.01857343293342839,0.009633340693286252,0.009063152440043742
2023-05-19,0.000628405685499489,-0.01608126535201726,-0.003929230785792326,-0.0027448808996387575,0.0098988291245512,-0.002293667701612434,-0.0005650759755120305,-0.002253328699408752,-0.0014551972182941242,0.004632645147555348
2023-05-22,-0.005480799550896198,-0.010666648290490577,0.007034687592569755,-0.0002747529705621199,-0.002341497915543389,-0.008262757277924582,0.008921282439124267,0.003358137562730956,0.00040620359709109266,-0.01214005395544493
2023-05-23,-0.01515497331240967,-0.00017393506729301844,-0.0146861357879009,0.0006881228408524009,0.001200731149241463,-0.010432490822433582,-0.018432020876935296,-0.012676524182176685,-0.011222857144588039,0.013623026413287942
2023-05-24,0.0016320770493907233,0.015305697616548875,-0.009870974015184997,-0.002751649530111866,-0.008068450017086337,-0.009151476505113942,-0.004472431197264259,-0.005129526220389091,-0.0072447618728150864,0.011184250876665525
2023-05-25,0.006692370199602449,-0.01498929336188437,0.00842730703893002,-0.0037234837897899276,-0.009618027091793824,0.0024385317962212216,0.038457699291924996,0.024332889215580522,0.008659833388311,-0.017938526268974186
2023-05-26,0.014104829618694525,0.04443478791610045,0.01783447209212885,0.0012459175075913986,0.003995567330169925,0.009361053571026456,0.021385615168917127,0.025550451602899482,0.012950884016724284,-0.006530448111249809
2023-05-30,0.010659580135730984,0.01290486257498391,0.001904005651024887,0.006637015960437642,0.006190554546333882,0.003797124321997414,-0.005046594356463041,0.004534920178005608,0.0003808394565381068,-0.008859627778479595
2023-05-31,-0.00028222807952293927,-0.00887721353399118,-0.023798213138034208,0.0032963949899553757,0.0015382006614657051,-0.012730714410005284,-0.008514106571270719,-0.00568596750502981,-0.005545278414910149,-0.017877725354085383
2023-06-01,0.016022469499512138,0.01816217265513176,0.017169789029098714,0.002704323256122354,0.00789813034647624,0.013779261894824035,0.012758851060767906,0.011552100659431463,0.00950106398012518,0.011548104119696756
2023-06-02,0.004775738079732195,0.01205508998453797,0.019466537600761002,-0.005612552477498922,-0.014747450675273721,0.021005897554833952,0.008479317493064409,0.007499893238069877,0.014461193830564323,0.02322002652216759
2023-06-05,-0.0075712712347735245,0.008450728786783213,-0.007875443113756875,0.0001380138685287413,0.006020416015011243,-0.009824180149398676,0.001610096431058139,0.0007048131610196684,-0.0019163992237763994,-0.004444090645001508
2023-06-06,-0.002060439678682968,0.010454888481148839,0.01246137410720971,0.0013759855441097812,0.0010980396887689814,0.0017970917865306468,-0.0067274273336520585,-0.00016899051228980166,0.002177361558148627,0.008167956890538619
2023-06-07,-0.007756230871003078,-0.04249267220189956,-0.0024857767416336385,-0.005635813896863517,-0.012010543410059138,0.009688693132131831,-0.030868069818216326,-0.016965278702913866,-0.003457509076090992,0.022421182804439388
2023-06-08,0.01546507006295017,0.024911297199049942,0.0034650978778456576,0.0049769319438501824,0.013211240429905624,0.00028428331340557556,0.0058137640613527,0.012413139366474146,0.006048474335284215,-0.0031328735755683512
2023-06-09,0.0021598359041792303,-0.006599595129369917,0.005612892789992774,-0.0020636072758986046,-0.0026845203333208945,0.0019897659230034836,0.004703998748743832,0.003822579338705445,0.0017943068152324049,-0.007394465165510011
2023-06-12,0.015638623913172944,0.025439515368102628,-0.0029514917836130916,0.002067874556879845,-0.0008788640365902101,-7.079367120799152e-05,0.01548372154560207,0.01689718154265396,0.009071945286386107,-0.009032460177054613
2023-06-13,-0.0026115126587165083,0.0007111003199982147,0.009833219952390504,-0.004402199131230411,-0.007367558613950331,0.007233980030831644,0.007353002648294638,0.007684037903072483,0.006592978246059422,0.0001878989014172383
2023-06-14,0.0034914151177212194,-0.001894879884926648,0.004876142176431175,0.0008291863293286017,0.0005539277015322863,-0.003731823194479289,0.0091236504448855,0.007267367793209356,0.0011907068651821895,-0.012025474209995002
2023-06-15,0.011198582544282187,0.005458016543269828,0.02706323400181021,0.006212108690979212,0.007030581691497284,0.011308190037176313,0.031896612026846904,0.011915786664484562,0.012397785010322737,0.006941559507667838
2023-06-16,-0.0058597726730652555,-0.012744888197649074,-0.011825166665417108,-0.00219495600388131,-0.0015392159510752013,0.0011879390616034158,-0.016575596405808968,-0.00629281231283374,-0.0034063135168381775,-0.007177163326706371
2023-06-20,0.00048652525667969293,0.002310948445805039,-0.016833230815237243,0.0013752872991816822,-0.010350739592973501,-0.005095781695900192,-0.012502732901235158,-0.0014315136615093982,-0.00518818997653081,-0.02292390989771187
2023-06-21,-0.005675205962467178,-0.00755284590127181,-0.0027642790735142864,0.0016474271129764961,-0.0014464228474878604,-0.0014732201656008082,-0.013281983731096014,-0.013627667161147383,-0.005123752099032042,0.011195599137854062
2023-06-22,0.01652532823182784,0.04261789623803569,-0.014019665279547788,-0.004798002103427734,-0.009916979914319946,-0.019252327114492873,0.018437416972935106,0.01179889782679,0.003609732759477957,-0.0054876746084699946
2023-06-23,-0.0017113427253550029,-0.006300361919969633,0.0015750406968464414,0.002892773652445335,0.0027572461643308177,-0.005230130665477395,-0.013805911394779269,-0.009913424089988965,-0.00755989817256375,-0.008712535473033522
2023-06-26,-0.007553018193092065,-0.01546431587167707,-0.0004116799370057489,0.0012359681620741636,0.0017396047357047806,0.0024487827745764967,-0.019163030210153864,-0.013405541124681841,-0.004085817855711826,0.018457002026053937
2023-06-27,0.015059215587458263,0.014529104045574393,0.006572001194631305,-0.001920192158595846,-0.004593535884055422,7.183672779476069e-05,0.018168166458915502,0.017194183722640588,0.010963331188829972,0.002493297656043225
2023-06-28,0.00632772745562149,-0.001083754432466999,0.0008472889223882785,0.0031605873741988866,-0.002307409851291853,-0.004382429857706649,0.0038257784721278387,0.0019514479810514018,0.0005043184348598739,0.008129857209887792
2023-06-29,0.001796285639721118,-0.008834406537251538,0.004363530631687151,-0.007535223734255303,-0.001071764681377263,0.034923401370312135,-0.002382114565927518,-0.002002441046680681,0.003941359418210499,0.012333927839082826
2023-06-30,0.02310273997845491,0.019233769000189582,0.004257364028481758,0.0034511065574296396,0.006663323502016594,0.014013820058563553,0.01638573120255571,0.015420107386258097,0.011800736021607694,0.005154563092405029
2023-07-03,-0.007784779171583489,-0.0010739443770555468,0.0035304894100371964,-0.002840967333709865,0.0011218766110339118,0.008044387133069542,-0.007488125767998843,0.0023548985214045803,0.0011504084163709294,0.0019580998347381584
2023-07-05,-0.005871260693757874,0.0012287180203460757,-0.0010813432844916093,-0.0041491231154566766,-0.00353003237800964,-0.006661414888712525,0.0004733141917154793,-2.7055234559703045e-05,-0.001486977731643413,-0.005118030101372906
2023-07-06,0.002508839149654385,-0.015493205988729275,-0.017609104754285565,-0.006389207076492265,-0.002980200124891419,-0.009886811224034786,0.009226735242017226,-0.007615961411993055,-0.007830700687498249,-0.03732118782015614
2023-07-07,-0.00589147839099502,0.011062622017709689,0.0050982081466430795,-0.000559243046768354,0.007500997402107412,0.007890712945856748,-0.011867557600470757,-0.0033199136748166547,-0.0025247160880151887,0.0023317908524906894
2023-07-10,-0.010855785927332384,-0.020419182854096718,0.01764381419981853,0.003496486562565071,0.0007836956455820054,0.005611450213907299,-0.015983562194415213,0.00032782959026644853,0.0025311064130968397,0.014831559324775645
2023-07-11,-0.002809996456871855,0.012978852839820476,0.0201531001586559,0.002090582244812067,0.0037476125602418087,0.01563902999624367,0.0019287785464063845,0.004940383945424287,0.006368562556071655,0.012226490136493018
2023-07-12,0.008985519443981849,0.01568569880112225,0.02224720350025189,0.007927991550805702,0.013541420874312982,0.004951781576977288,0.014226939272396155,0.012629957902948519,0.00804578855754512,0.00490690733848731
2023-07-13,0.004057469935744296,0.026758409161619312,0.01900816305327213,0.006071330175472456,0.0007146999149643118,0.004860131434830217,0.016191858449620344,0.01697871317317401,0.007937012804855481,-0.01831144521375283
2023-07-14,0.0007873643317710677,0.002829408900884234,-0.01590949942274722,-0.004663376111934903,-0.0031866482531699436,0.006045535754868547,0.007529313387496961,-0.00021105682533228975,-0.0006229722565799234,-0.03443660741616861
2023-07-17,0.017305549984524493,-0.008315972513331604,-0.0002198968217674846,0.001102844048121998,0.0007165567329587841,0.024103567592797193,0.001419468908610666,0.0093386995631346,0.0034722253966135153,0.0043590270051532265
2023-07-18,-0.001340174401170846,-0.005465676406731013,0.015195157132164905,0.0012388096174222873,0.011456278139590825,0.0018256914791929812,0.039799873591086055,0.008180613258212954,0.007430685931735015,-0.004537348448628631
2023-07-19,0.007071649685871595,0.019046892602732513,0.011327032852073593,0.0023367301939909435,0.00016335645500209495,0.003839563502699095,-0.012267427189980196,-0.0002333423175218119,0.002223636395762618,0.0069361972944339545
2023-07-20,-0.010097442191016381,-0.03989357175040831,0.004790687079040845,-0.004663376111934903,-0.005063389149303599,0.0123176860747376,-0.023121539518654144,-0.023051913009111802,-0.0066343829733005455,0.01761463439887656
2023-07-21,-0.006161613897809115,0.00030773533446226686,0.00043948666917859036,0.0006891029557756223,-0.0030645332195952113,-0.007684804847045923,-0.008936998862553946,-0.002999224508814402,0.0,0.004641726577442995
2023-07-24,0.0042201908750452155,-0.009230745755709147,0.007148324045122889,-0.0016527779893841243,-0.00428147332668416,0.019683707253013827,0.0038977652933220863,0.0015974293162712705,0.004467251302013642,0.015689553016749125
2023-07-25,0.004513389312609695,0.002562125956798944,-0.013957449880621087,-0.0011033266387389107,0.005567859975791123,-0.007468502189477588,0.01700933213586109,0.006777628524984314,0.0027302162622331316,0.0015164092293202813
2023-07-26,0.004545085470648358,-0.007589335934878205,-0.0038337559843603097,0.0033144523065824494,0.0048791150253855164,0.005994119597839687,-0.037637670389685574,-0.0033264094209535244,0.00015366294300545036,-0.00558298035600413
2023-07-27,-0.006580854316507456,0.0007803832093540297,-0.018959495269772808,-0.008533197008621096,-0.01571197400361901,-0.011029358067291994,-0.020872153938768512,-0.0023839836262052883,-0.006629866751345137,0.0031401670514985547
2023-07-28,0.013507952122774114,0.030877245332297854,0.012714863951642563,0.0034705116712689943,0.007981390400291666,0.0057044178036742554,0.02313131570191529,0.01821475698792363,0.009790243189531811,-0.011952066814856943
2023-07-31,0.00316573603836523,0.011118568090654923,0.0006906382670668343,0.0017979526076095098,0.0026944104889450315,0.006691725995392694,-0.0072404294436760885,0.0005213606623593048,0.0019038816698784267,0.029569902634411394
2023-08-01,-0.004275648382058628,-0.014886223394710907,-0.00891920796693979,-0.006188649248726086,-0.010364679607279714,-0.0049378708436744745,0.0012501523019941008,-0.0023196786353838483,-0.002861542044086951,-0.005781419669700361
2023-08-02,-0.015490229424702795,-0.026425663778747666,-0.02023876472965469,-0.003203894523783557,-0.004765602229612864,-0.011324842884297026,-0.026283070826697785,-0.021943834783191396,-0.013910772599978638,-0.012474311562444718
2023-08-03,-0.007321619213511155,0.005459768439170398,-0.010133325502492574,-0.006149606519835538,-0.0003341470787491252,0.006113423761647141,-0.0025646831752500487,-0.0016028853925346143,-0.0028658059749401277,0.017380568264988128
2023-08-04,-0.0480199710706698,0.08269337801006271,0.00015492385931814567,0.008296764047616367,0.003620414278603157,-0.0021106673858247715,0.0034285929132551463,-0.0046817029479767625,-0.00452294929350916,0.002800612894096277
2023-08-07,-0.017253695794727575,0.01898684357254843,0.0031959540009662835,-0.0015340682873028477,-0.0022753962847783527,0.004743003747060381,0.007108406866090045,0.008466803940954115,0.008728692093489476,-0.0020481145889815755
2023-08-08,0.005311798950968116,-0.016031491771390738,-0.021851241310534286,0.003631625510401415,-0.006341080194621318,-0.005613518321000099,-0.012298981831841527,-0.008502195920447209,-0.004348557584458734,0.004944145974563829
2023-08-09,-0.008954558401729318,-0.01493494570121734,-0.007015716907580183,0.00027855238109530944,-0.00475820704444585,-0.013407967081869976,-0.01171587287383069,-0.010994711796009193,-0.0066853116484150155,0.016986755618323635
2023-08-10,-0.0012347511529217092,0.005150463718840648,0.007108879837729232,-0.00556574572296209,-0.0010686044760203073,-0.0014955300806872573,0.00217236690479905,0.0018482848483132308,0.0003588749825718107,0.005111531020947524
2023-08-11,0.0003377983400369988,-0.0010825194798443905,-0.0020087484858820615,-0.0032181448446862992,0.0,0.005795801552126889,-0.0059455181914921384,-0.006375774882839802,-0.0005831486341709713,0.015528416196791017
2023-08-14,0.009393162523037235,0.015605834874352187,-0.0038528340054480026,-0.0012635093279882437,-0.003040588549344525,0.002072019541407233,0.009438845986710964,0.01122225643641861,0.005520031818932791,0.0008048274063208183
2023-08-15,-0.011200313672783624,-0.020630355012962953,-0.029021531171420145,-0.0022486859086335853,-0.002654474343068869,-0.025457298469737544,-0.006727543622156995,-0.010611637258012174,-0.011648794736731194,-0.025673362429725954
2023-08-16,-0.004959089232026259,-0.018885675014943426,-0.0008620772970203694,-0.0028171330385203808,-0.005776029417432049,-0.004242960396275031,-0.0024287082084856193,-0.0105888316073246,-0.0073381350598660244,-0.016827058437885456
2023-08-17,-0.01455535263893415,-0.008069975106044458,0.002618159095701511,-0.000988817791580776,-0.0015378724223797935,-0.0103869800756764,-0.010986037602310206,-0.010923052520756427,-0.0076199840800265095,0.01937186536677027
2023-08-18,0.002816211876514263,-0.005672447612115605,-0.005563687966143038,0.002121094636339027,0.00017112823031739666,0.0022875495532930223,-0.00126219605032174,-0.001254908962011747,0.0004813678349100403,0.01512922816921436
2023-08-21,0.007736767988352655,0.01095925117625085,0.0019992087374938183,-0.00479778089262306,0.002737670236275802,0.003423547383289982,0.017062557271374734,0.01611147630145604,0.006506232911050125,-0.012086579560958821
2023-08-22,0.007904930827904444,-0.0031926989840012077,-0.008561814103833387,0.0012762884792945073,0.0016495566176504273,-0.020738678366811203,0.0018020349552452242,-0.0014290193897799064,-0.0027085747465731558,-0.005611164270153068
2023-08-23,0.02194888871022682,0.009459994580714559,0.019419113168408275,0.009062305745006771,0.01016464068195777,0.006763277633927034,0.014079246272064028,0.015768510010665038,0.011137747453819236,-0.00878810770326266
2023-08-24,-0.0261704763934959,-0.027154721211281152,-0.008265185651261442,-0.0023858804671994527,-0.00022482031744353037,-0.0009500180192917318,-0.021498725688581022,-0.02137574949613441,-0.01385911797327155,-0.007466247299958484
2023-08-25,0.0126433009996465,0.010770617478674804,0.004159741090095093,0.0,-0.0012932863561120334,-0.0012224872855040037,0.009407328669414294,0.007751599181632596,0.0070498353396770685,0.017865512420823126
2023-08-28,0.00884596638850832,-0.0009004586682715976,0.00449718577176994,0.0018287626904922583,0.0028713533365909427,0.0034681374185312475,0.002229101129536337,0.007527102245844075,0.006341238972472629,0.008406572909774424
2023-08-29,0.021810226900142338,0.013294308852149106,0.01771734529512159,0.006178696206514012,0.009768091768254772,0.00813227527540672,0.014550673085627075,0.02183973756694657,0.01445493976061818,0.005954538981077118
2023-08-30,0.019172175799346602,0.0011860029483812262,0.006917190474545976,-0.00041893624751843106,0.0025018747942815445,-0.004033228347590456,0.0011569785460279203,0.0055769359526323115,0.0041186972083306905,0.009744041379657897
2023-08-31,0.0011725679806426914,0.021766395374215985,0.00679771344880975,0.0016748009718596801,-0.0016637258183913595,-0.012351626981697561,-0.0031325784277542734,0.0029985107443273318,-0.001463383468117252,0.002795749333960096
2023-09-01,0.008463366784103865,0.0007970481467276525,0.008065144169475902,-0.004807148771551417,0.0004999240959600026,0.003348916885981934,0.0027459063379537962,-0.0010581942853241655,0.001865287736787291,0.02095509649934857
2023-09-05,0.0012665591156117983,-0.006154002858205887,-0.014528438753822925,-0.00547694276460331,-0.008161685723844458,-0.011034211714999964,0.014878509336193169,0.0012710797244794847,-0.004321942791645328,8.819910600510461e-05
2023-09-06,-0.03579322055001699,-0.013914209970579572,-0.0025146454058456724,-0.0011296990331844947,-0.004534245193468567,-0.001652957582656489,-0.0020086896179591918,-0.008807833969515788,-0.006722399949248947,0.00863191830775123
2023-09-07,-0.02924951799122444,0.018395430569861038,0.0027278117649702782,0.0033928113392169834,0.0010684498647577367,-0.00855406646419088,-0.008921940102633585,-0.007151622237815625,-0.003070272208474556,-0.004890280876052144
2023-09-08,0.003491722233457173,0.0027565441218631026,-0.0006367290065093512,0.0002814330742562099,0.0003370270596214642,0.000765609554933766,0.013215386348818248,0.0013975114892050833,0.0015060913778772722,0.014567717625070253
2023-09-11,0.0066228063145390426,0.035231212663680456,0.00768889580613763,-0.001548747874612677,0.001853109993606994,0.0043800745867224045,0.010979376991893552,0.011782602137196507,0.006576696639655211,-0.012542148789791763
2023-09-12,-0.01706064746576008,-0.013067856717097759,0.0020260385987207474,0.0007051867785121679,-0.005156651253074851,0.013013838653876286,-0.01825766305557941,-0.011088037601729606,-0.005485706346428421,0.029169691749103555
2023-09-13,-0.01185482722743414,0.025632022130484877,-0.0001579338475656833,0.0015506492122416837,-0.0023100098564432514,0.0004782414552733094,0.012930622672384207,0.0038087564623976444,0.0011660173010359376,-0.008936874834954756
2023-09-14,0.008782453241863664,-0.0008975138235036706,0.013740285557279242,-0.0016887080727056025,0.0005082241752882855,0.01939770159274823,0.00785580514204387,0.008177258306807378,0.008622257382697285,0.017863165026105188
2023-09-15,-0.004153767581216994,-0.029919857618376344,-0.013299223906727109,-0.001973906582238838,0.006603816566220333,-0.00294799044683669,-0.02503702539033481,-0.01712291658822207,-0.012048228271881012,-0.015356182374023808
2023-09-18,0.01691310160474968,-0.0029204620264398073,-0.0036134156247179527,0.000988727298402381,0.005887647601878543,0.0020831615902687783,-0.003512763310062783,0.0010424659979426654,0.0005865583271185137,0.008054974209301458
2023-09-19,0.006180945675320126,-0.016788047695762587,-0.008533599701747607,-0.002117048930053378,-0.0009476457412548323,-0.0012742416031722437,-0.0012460098569107014,-0.0021313914063681993,-0.002073822429247252,-0.002635166623134566
2023-09-20,-0.019992260070593848,-0.01700219075536713,-0.00795423017015362,-0.001272353958179151,0.0007253927124595272,-0.004229974275637427,-0.023977067759089143,-0.01441042027133721,-0.009193393017729257,-0.007926387220448916
2023-09-21,-0.008889495286068305,-0.04405345369833069,-0.02143427772951234,-0.006230700796823085,-0.007248413758109917,-0.007822088625025647,-0.003865570991635092,-0.018324632239743677,-0.016528381058885322,-0.014089132880125588
2023-09-22,0.004944600135231125,-0.0016238050792075631,-0.013052727978739687,0.004132084503228883,0.0032013033173832195,-0.00958296311139284,-0.007886530224592625,0.00013994566957720167,-0.0022484164855265387,0.001568402120289747
2023-09-25,0.007380451201663751,0.01665124873434287,-0.003863128612911826,-0.007379096186627576,-0.005150588926742139,0.004940727856554528,0.001671836820562378,0.004749698882001718,0.004205082995655918,0.011223167847776994
2023-09-26,-0.02339848992280924,-0.040298626825268746,-0.016470064544847562,-0.0010002404828390876,-0.007990985893820302,-0.01037900952163573,-0.01700570050186989,-0.015016291893825806,-0.014691379274802907,0.0015485662679775025
2023-09-27,-0.008897366789520023,0.0,-0.005148997197309213,-0.0035780365571725925,-0.012366647894697436,0.005865043538856973,0.002082489172989588,0.0023433466224986876,0.00039928629699836904,0.032557546938508874
2023-09-28,0.0015254642289914688,0.0,0.0028750916464308496,0.002585263383434011,-0.004997187509914736,0.012416036338597669,0.0027174121127264694,0.008365293648893157,0.005797279877174377,-0.006073321577670043
2023-09-29,0.003046462349409973,0.009049050319664742,0.0019374793958346626,-0.0004295255075819071,-0.01027534966921384,-0.01741324355111784,0.006727365125408946,0.0007262531651921478,-0.002426732037837054,-0.015819883782303146
2023-10-02,0.014835475913811624,0.01840783446134786,-0.005336663234910888,-0.006869161497134235,-0.010498705650611395,-0.008619230223106844,0.019160688659349834,0.00834554763360984,-0.0003977917512676399,-0.016584461041586285
2023-10-03,-0.007769808462479877,-0.03661366636292884,-0.027323324365238433,-0.008103018981410637,-0.0028882419805683623,-0.007372959922023248,-0.02613412071504262,-0.017549585640379894,-0.013386108441205136,0.001729709205349872
2023-10-04,0.007308870380064558,0.018280939360016735,0.01768275898229099,0.006564701038653364,-0.00011825651470720455,0.004484378356049312,0.017773435154267325,0.013608636491397874,0.007282019969861997,-0.0373824548612105
2023-10-05,0.007197789557040313,-0.008188983586829512,0.005922702435064542,0.0007246945589691745,-0.0018327868021307259,0.00421657124952679,0.0012539649644647266,-0.0029464913723116215,-0.00037670837544823144,-0.022511243437648654
2023-10-06,0.014750509637279086,0.015878056641289273,0.012431612119022217,-0.003910383234299375,0.005153083621109555,0.015395467839388388,0.02473708043249978,0.016755308240838485,0.011872676948700533,-0.016698763497574376
2023-10-09,0.008451157242754359,0.0023444468936362206,-0.007157335302715895,0.010177263687088045,0.01838544744893622,-0.0022743061684351584,0.007822386757081468,0.005100068083000231,0.006402239174813751,0.03499128549764152
2023-10-10,-0.003352392235325241,0.009511938819224852,-0.0025948223514606905,-0.0010074911354706062,-0.0016780958953311886,0.006078641140201402,-0.0043356601278562446,0.005538136983764375,0.00520479339454516,-0.004237357014670096
2023-10-11,0.007904262008398,0.01814956889912689,0.0011215826574138,0.0046105168979568845,0.007303045938392039,0.0034328054325916124,0.012272109157994038,0.007135238293061619,0.004096309647854124,-0.03585341319916735
2023-10-12,0.005061185505881527,0.0037927633547389927,-0.010114275674960593,-0.00860499291542216,-0.0030496507265770356,-0.002326189626225883,-0.0037903595956987335,-0.003475097719394138,-0.00609630654772797,-0.00018773113811187958
2023-10-13,-0.010292740630026609,-0.019194502454286222,-0.01337680202889091,0.004628949386570547,0.03214825984540237,0.015019386107159027,-0.010357522238938821,-0.012569952373528981,-0.004980926390161344,0.031934021107720145
2023-10-16,-0.0007270396426931613,0.021265196921155027,0.012411254694847385,-0.005183415242439704,-0.004864928190345896,-0.0010134894664356464,0.01498166444124105,0.011306454265961108,0.010521383332395828,0.000728050106061584
2023-10-17,-0.008784810115648245,-0.008147882355257097,0.0010229296139292465,-0.0065135744178559385,0.001854273768354009,-0.002164456887683741,-0.0017436506279985275,-0.0032754808693153947,-4.5850580251749484e-05,0.013096728100214117
2023-10-18,-0.007394633337556966,-0.025405007278304192,-0.030514141055959954,-0.004370486680725261,0.014470816805260078,-0.010980710630634993,-0.005872406676902364,-0.01311781013010982,-0.013325078406282054,0.014004780872214573
2023-10-19,-0.0021610381200452,0.002107149015711185,0.009437646889114859,-0.004389181353199323,0.012274016037125302,-0.004249358710258,0.0036654560613595955,-0.009356830218424372,-0.008786340679166282,0.0006197738079396498
2023-10-20,-0.014704184785439445,-0.02515573116103942,-0.01233732253957176,0.0036738580785631303,0.0027308974274993236,-0.016105428314723946,-0.014034728976142774,-0.014917986607831946,-0.012288075713524416,-0.01716493063494484
2023-10-23,0.000694103380595168,0.011104892625885654,-0.0001625386777478477,0.003807371324570097,-0.0033770637265356784,-0.01364125812379402,0.00811227936262715,0.003017583368939869,-0.001733111321660874,-0.01467414537706413
2023-10-24,0.00254336966408375,0.015802781594350668,-0.0038066277623596267,0.003355246832844605,-0.0001093308866343401,0.0012056908057680449,0.0036739650703174753,0.009728245332524255,0.007539262075901165,-0.009684764601734397
2023-10-25,-0.013491625867442458,-0.055771610960691276,-0.006058132902161728,-0.00756024954474932,0.004208823642007475,-0.005454446703929583,0.030678188409500207,-0.024476059407214534,-0.014352175181991389,0.00184509312856318
2023-10-26,-0.024605628025831217,-0.01499299533713827,-0.002645137047053381,0.006738695318092569,0.0015784524505007003,0.002564064615483863,-0.037514458805142925,-0.01906710248749921,-0.01197453307034757,-0.009116883933730224
2023-10-27,0.007969303478454481,0.06832816082460003,-0.014808665923766284,0.0,0.011629799758343662,-0.03601874810896222,0.005855827267230884,0.004801099062626157,-0.0045328431752262865,-0.019051967711293583
2023-10-30,0.012305310230317001,0.03890722509168976,0.01511491212570415,-0.0024736846436078652,-0.00564054701797434,0.01274965618391155,0.022740290449234646,0.011265397190884263,0.01195566343091703,0.0031264091079701295
2023-10-31,0.0028189131804656764,0.002863308000901066,0.008499160717183374,-0.00029195187425712366,-0.005456562573315948,0.011934144126360957,0.0023715884496808837,0.00478240335258695,0.0062803186228164165,-0.00028337599930061685
2023-11-01,0.01873857230493514,0.02937864429857373,0.006418442602727836,0.00970323636188719,-0.003150642851826202,-0.000862846950133167,0.023542748592760177,0.01735665467009917,0.010664693574886419,-0.0019838017780742234
2023-11-02,0.020693256068051502,0.007810272439553012,0.045893444737981515,0.005798233344251669,0.0033240729584831374,0.017849309033574512,0.006501427993343523,0.018153689069714263,0.019164410259168374,0.03284742436312249
2023-11-03,-0.005181081831099221,0.0038386235328597973,0.020915870940031223,0.005908709665304768,0.003638921283475316,0.011172426502874089,0.01286179979465496,0.011748534575579672,0.009123472322346338,-0.01218967518086056
2023-11-06,0.01460521694416661,0.008225103459209127,-0.007219191890847632,-0.004298343485515499,-0.007792560392528847,0.007552449127866012,0.010572789610356681,0.004079336147675416,0.002300445364078474,-0.017721220766769852
2023-11-07,0.014450789382972618,0.02125376487729147,-0.007087965786432671,0.005036292032469802,-0.0041451308444239165,-0.00048576262720101404,0.011219045741152955,0.009452516879524309,0.0028460311869635824,-0.015679526187638793
2023-11-08,0.005884751786146891,-0.004414580990635519,0.009805671216588596,0.003149539449060823,-0.00996764391222027,0.004930230383520584,0.0074059604707712445,0.0006439450756150489,0.0007324752504072052,-0.012282844203727716
2023-11-09,-0.002624453914042313,-0.010416636461610618,-0.004778640077158447,-0.007421193734906795,0.003982968433291267,-0.0029712510452803986,-0.006910871578993505,-0.0076955439673711545,-0.007798877962166273,0.00029141685340361434
2023-11-10,0.02322006603958182,0.021052569890351647,0.020220119613258536,0.0018690648244905628,-0.010909752197912126,0.014831091248949546,0.024896760820062758,0.022482242657141827,0.015604895344940362,0.007672763682252004
2023-11-13,-0.008583732875027006,-0.006756765374750118,-0.005338104893159223,-0.00028672614955671527,0.005570720464602941,-0.004438876292834237,-0.008088459766215195,-0.0031185151153445556,-0.0009532326484326115,0.010506117877162602
2023-11-14,0.014285784602734442,0.02251214528584833,0.05427440009541251,0.012201946196329638,0.008919177105678688,0.018246483489879894,0.009790491457051909,0.02152652547738354,0.019400771539097805,0.0038503290199747298
2023-11-15,0.0030408542094240154,-0.017832688951265996,0.016476821638371053,-0.005531384908576631,-0.002635601473798599,0.00875797526133515,0.00040610320868572636,0.0007526466009133426,0.0021171186025641386,-0.006040957019091353
2023-11-16,0.009042260686535464,-0.0025837648398919777,0.008549170961470454,0.005990137380789573,0.011286077178189302,0.011419544582232488,0.01758324423515467,0.0008558490325998314,0.0012230997179498715,-0.011576298667901996
2023-11-17,-0.00010564805900947771,0.016453061783939793,0.002741556799711109,0.0014173360925404666,-0.00010890234740634774,0.009046357797617643,-0.016800938337856897,0.0002331991862905003,0.0012436334937129256,0.024399734264377804
2023-11-20,0.009278423915525913,0.0065436854591447435,0.005663541167613362,0.0014158030532109844,-0.0016333808174913145,0.003075165908758226,0.02052188977514713,0.012174876904992082,0.007697612003282339,-0.004382558691942706
2023-11-21,-0.004230920532635851,-0.015260459261028925,0.005160178199646204,0.0014136833162816664,0.01079790063288577,-0.0020872239574598606,-0.011578065334990062,-0.005809715642890789,-0.00217936890899173,-0.00038276957027616465
2023-11-22,0.0035146667382646157,0.019527539517508297,0.003449927059321345,0.0008468003515482714,-0.004262252597287075,0.0023531567333798797,0.012812563031838975,0.004093101291799739,0.0038607764368581154,-0.004307845973756663
2023-11-24,-0.007004553064256291,0.0002044767086364363,0.004070812173727845,-0.004795417811349956,0.005201596914642392,0.00136968859597153,-0.0011114293352604276,-0.0014100196194248849,0.000615409397399791,0.005384019471512458
2023-11-27,-0.0009474212838508356,0.006746559883569869,0.0007942913591214573,0.0060943576645982045,0.006737817869841178,-0.0022795869487903797,0.0031263709898827763,-0.0008729848057388301,-0.0018009742299700537,-0.0058333681096611745
2023-11-28,0.003214002963722651,-0.00473835354015173,0.008321115065819562,0.004225760762829989,0.013331852960406732,0.0022847953384244057,0.010802875683296964,0.0026210835552253897,0.000990092288073452,-0.000577215891653271
2023-11-29,-0.005409579247659835,-0.0048288883967405605,0.014305921244881947,0.005190262364833442,0.0014794398574642376,0.005079946579885197,-0.010060390408754838,-0.0009740165159736192,-0.0007033553851359953,-0.015014378900369385
2023-11-30,0.003062700236881266,-0.001571972217158657,0.005258863577169315,-0.0032097389199434723,-0.004167950375202456,0.011405041870850674,0.00015839163901909536,-0.0025138887586744207,0.00393742095706906,0.003908564012038207
2023-12-01,0.006791324850122571,0.006434406632690459,0.006815384452770079,0.00815671138459706,0.017271494075951965,0.004869305757044362,-0.011612127289678864,0.002854608067681008,0.0059159078366446405,0.002433251476964937
2023-12-04,-0.00946458325070032,-0.014894936132684111,0.00010583753767257065,-0.004038399709014429,-0.02161342646325959,0.007332241331624578,-0.01433879492617951,-0.009283513721224268,-0.00524936741162263,-0.005437342644685317
2023-12-05,0.021063181160530853,0.014084566393959497,-0.002815919353503449,0.006432112863829831,-0.0037794459254785195,-0.0001267300228420254,0.009156397885854428,0.002511024665780681,-0.00019717050671164138,-0.019427981824238327
2023-12-06,-0.005687073990547908,-0.016067541747663228,-0.008314222956159578,0.0029173309499745947,0.0036868953454944897,-0.010508096811168377,-0.009985984188858321,-0.00578381834372077,-0.004029760138217542,-0.0132416682747728
2023-12-07,0.010139410684130823,0.016329923474831087,0.003189303616785155,-0.000277247114980117,0.0016503277504122948,0.0030706033704193114,0.00582953786838547,0.013972052035047255,0.007630481799562494,-0.0069620682218384244
2023-12-08,0.007412241324483482,0.0036764247561378305,-0.0009525879111406121,-0.004849765520998139,-0.01334039111485108,0.011034079044331513,0.008842336835281683,0.0044567326791735695,0.004299193527608214,0.01148145015581914
2023-12-11,-0.012927423337487753,-0.010378502226973785,0.0103126215496685,0.00013916380182510402,-0.011042895165362276,0.0036588181307155576,-0.007829463769039258,0.008542301788035278,0.003889524691489843,0.0007032781545743827
2023-12-12,0.007920304381282994,0.010898597193382598,0.009144014239723663,0.0029236565488561794,-0.0005446421195114404,0.00892523490803998,0.008295069886684825,0.00796417164228358,0.004567198062799704,-0.015760030250371426
2023-12-13,0.016691561126509047,0.009221593773735215,0.01862273594549091,0.01277079215006549,0.022562533466176538,0.0033639665724700674,-2.661706108841866e-05,0.012717146142419589,0.013790041290818955,0.008873022143129239
2023-12-14,0.0007576253771479635,-0.00954043404920335,0.04357199049598881,0.007538295658408023,0.005862552982469849,0.018192006634368152,-0.02254458745898391,-0.000866763844862839,0.0032094834004490203,0.02689036222469321
2023-12-15,-0.002725869031747985,0.01729753821347546,0.01470638711161909,-0.0014964016452146955,-0.009166511771857233,0.007561433887768976,0.013117449036430529,0.004833872533148265,-0.001646433383583057,-0.006694135105683174
2023-12-18,-0.008503123727059747,0.027338841569267247,-0.027545745142661726,-0.002043430384929268,0.004545487184575592,0.006052123463669679,0.0051787925651876066,0.006298679060777523,0.005625064599949381,0.007433198726800594
2023-12-19,0.005359970294007699,-0.0018174467759756174,0.006202634587822331,0.0019110538438027458,0.00681394057869511,0.01335509989870931,0.0016370928656173067,0.005109590476494175,0.006080800419471899,0.0131823782648548
2023-12-20,-0.010713829708366762,-0.01085895208954335,-0.015161366447529412,0.0032702974125315976,-0.005445982936102989,-0.01127942529972148,-0.007072854652807825,-0.014859600945303253,-0.013857249423357532,-0.016700649391972466
2023-12-21,-0.0007701134572103419,0.011306871390431628,0.01250584018649592,-0.00013596905154344974,0.007070635455129759,0.005704051067785709,0.00787858761527005,0.011635260613964249,0.009481822600343914,0.004542328381527572
2023-12-22,-0.005547316396205204,-0.0027300973670256745,0.0041547630789127155,-0.0006672666560697538,0.004434417088942322,-0.0005970969107808033,0.0027840393269240593,0.0014960283917930806,0.002009740101651891,0.0017692830607658472
2023-12-26,-0.0028409726630341803,-6.514474615582078e-05,0.005221595327800532,0.0009541333343596747,0.007620733251079592,0.005914011707358835,0.0002136515553634588,0.006121783690719251,0.0042226082931333675,0.0022569821623674713
2023-12-27,0.0005179032401816386,-0.0004563413242133496,0.008232080379793727,0.006401008870025926,0.004537842226414179,0.00599804914893487,-0.0015747015027151035,0.002035676241717299,0.0018080036580676584,-0.004699444953286114
2023-12-28,0.002226350000067878,0.0002609139551152939,0.0014262474638313538,-0.002436343652683637,-0.005815437657636813,0.005312837739794629,0.0032347854750256477,-0.0004860382253973894,0.0003777945759595447,-0.01445987761186418
2023-12-29,-0.005424250246156781,-0.009388462612883952,-0.0032046635737125184,-0.002305640821356092,-0.001566841018672216,-0.0011742756544707023,0.0020249934485505605,-0.0043277235244375545,-0.0028950461885181022,-0.0020960282545101627
2024-01-02,-0.03578652127168713,-0.013228970207501023,-0.014166059518984198,-0.0042148706671446545,-0.002353909884146743,0.011640085378302745,-0.013748484324147214,-0.016922265786220136,-0.005596253287082131,0.023804745334807587
2024-01-03,-0.007487740859055458,-0.00973782115920796,-0.02017998665340981,0.0008189417530797272,-0.008336809604204354,-0.004358521685896677,-0.0007280569876604304,-0.010581566400875375,-0.008166725745842207,0.008401678212056396
2024-01-04,-0.01270001184015701,-0.026267891590348702,0.0022955155950961093,-0.004501853631122876,0.0010046128932528209,0.0066362566796454026,-0.0071773988121629495,-0.005146259751710014,-0.0032212264219095843,-0.00871927410509521
2024-01-05,-0.0040131098367931495,0.00463442024626004,-0.003969623255818844,-0.003015073546693281,0.00015845540955172766,0.005017463335214911,-0.0005164318298173098,0.001185909844345856,0.0013697059115047594,0.003029707306133167
2024-01-08,0.024174912829840745,0.026576703830634596,0.018343724492454028,0.004398440311170537,-0.007816271130823282,-0.0014513890605521995,0.01887144602946922,0.020668026008032303,0.014276025907794754,-0.01666183564918644
2024-01-09,-0.0022634094463819254,0.015224607114340927,-0.0033493423790353916,-0.00013661846565637958,0.0003193567900841021,-0.007906202524907147,0.0029357275826411566,0.001975522743000502,-0.001517061674658704,-0.012385911294119034
2024-01-10,0.005671443500036677,0.015590940651907248,-0.0027186816278771397,-0.0017792382718563315,-0.00228804710551489,0.002109537806908035,0.018574176469835058,0.006777465623476697,0.0056553578038645025,-0.009832469743943362
2024-01-11,-0.003222489210411905,0.009432101662268044,0.0003154799317373058,0.005210575888434654,0.0019733072916665595,-0.004210006830706603,0.004859287787823741,0.0020807191681782022,-0.00044059347730840415,-0.00020265184413181814
2024-01-12,0.0017781529671769825,-0.0036086969005325598,0.008818920495974103,0.002046079092325348,0.009794068475553752,-0.007339953894034523,0.00998376286650382,0.0005131941847551502,0.0006927792117785714,0.012972430341519736
2024-01-16,-0.012317175541913028,-0.009442449238027617,-0.010280162086187983,-0.007078538070643625,-0.009488181898979597,-0.0062703198012725725,0.004633517923946062,-9.775860488814292e-05,-0.0036713455655822402,-0.02261131012821216
2024-01-17,-0.005173608609846503,-0.009467203666572499,-0.004991209833965282,-0.002330864847527092,-0.01101595063528893,-0.00535756982713953,-0.0020498256375518498,-0.005640679823676331,-0.005558673051844876,-0.007267825917068871
2024-01-18,0.032570792135485194,0.011798781932089941,0.009943805231429126,-0.0013743271309432092,0.008232882099906247,0.0019749629161500692,0.011297357706194111,0.014194136033041982,0.008892866061047888,-0.001855941104349501
2024-01-19,0.015533120560414115,0.011986946826648914,0.012800903152971443,0.0,0.00298872590696031,0.01726190026536245,0.012186855875674807,0.019830985106339627,0.012466165038470978,0.0015495217084018353
2024-01-22,0.012163219315895368,-0.003604979862209201,-0.014178712559746454,0.0016513022076181105,-0.003777957126316789,-0.001174248648185272,-0.005418071648957579,0.0013057757582093377,0.0021142836343215343,-0.001340920417150282
2024-01-23,0.006653240170583441,0.008011406531487353,-0.001838606009548105,-0.0023353265606429474,0.0038991332271092194,-0.006583974853658026,0.006027647320546725,0.004149635959126208,0.0029165084040065903,0.011258139432240633
2024-01-24,-0.003483941294491255,0.005447960655367012,-0.008592513669098967,-0.002065520019624789,-0.008246890539639895,0.00893533816351888,0.00917516154530329,0.005549280099307552,0.0010931698517426813,0.017260623968209376
2024-01-25,-0.0016966169280897558,0.005609771850602074,0.005994268693669591,0.00469150527894624,0.003969986681303217,0.014311052603904528,0.005738257362523758,0.0012211443701413138,0.005438820265237121,0.025401528281305596
2024-01-26,-0.009012735136319727,0.008684596622424712,-0.003997679729680348,-0.0015109065644703934,-0.0006946931881827156,-0.003816497455467749,-0.0023217865327332943,-0.005957484241292277,-0.0012702826780540688,0.00851863374542794
2024-01-29,-0.0035858332904006307,0.01344896590822775,0.001778302848102875,0.0039889527553909065,0.0070584854445867595,0.0026121265302567753,0.014334262410878207,0.010240256029727002,0.00791928817440124,0.0012620776910021725
2024-01-30,-0.019245937629437493,-0.014014601164705653,-0.008837352482448102,0.0017811722785237016,0.0013805262268788976,0.020494451203614705,-0.002757997100545806,-0.006656450839089723,-0.000773419443293788,0.01667813809772034
2024-01-31,-0.01935755652929927,-0.023899390262627773,-0.009491864573128561,0.0042396579469365925,-0.0007423479101065222,-0.010835849625010718,-0.026946397359964624,-0.01958626639071448,-0.016317300271938007,-0.019456475458485167
2024-02-01,0.013340567092615663,0.026288672108771616,0.01371556408348562,0.006036707260866914,0.01040067256889099,-0.003612984782677353,0.015594336282854115,0.011775506540379732,0.01308825096525923,-0.004085146664926098
2024-02-02,-0.005405132462502293,0.07866649218561839,0.0039112190130685676,-0.00895980404159713,-0.009453300862028224,0.005755846752308003,0.018425925918807318,0.0169005662227546,0.010527294148113153,-0.004102064373083247
2024-02-05,0.009846668120049307,-0.008730574595861018,-0.006129498784606557,-0.007945887423297715,-0.005513988032274764,-0.0013162446914090076,-0.013544994155132661,-0.0013053472791211274,-0.003641290772085637,-0.004118718375121677
2024-02-06,0.008631735562336429,-0.00681113075414308,0.0061416717154665346,0.004695371990623087,0.005224693124019186,0.003438434688823433,-0.00039442149944601823,-0.0020071962568101176,0.002903369952740764,0.0068931368386093705
2024-02-07,0.0005810198078561868,0.008158468416245013,0.00852819431294205,-0.00192402486197496,-0.0002651978305409086,0.001884617659780874,0.021110182639295427,0.010290184890109355,0.008340520226539194,-0.0002934345312048947
2024-02-08,-0.0057545676646824084,-0.004046223223746481,-0.0018874672497398715,-0.0026167234020619823,-0.0009018470501077624,-0.003591221478886464,0.00014492614539629578,0.0018520099782695087,0.00044168554658341463,0.01711989054353591
2024-02-09,0.004093870353022,0.02714319777292107,0.005055349401942522,-0.0008281105280024681,-0.003876152075832917,0.0012013272206716774,0.015551552985094697,0.009842899781520309,0.00577933527230079,-0.021160040131970814
2024-02-12,-0.009001820078887168,-0.012095159915523457,0.005707479451038777,0.00027645633328732266,-0.0026119694947860372,0.00445687537196271,-0.012578821551145425,-0.003912568434250918,-0.00043895368606916563,0.013756554939813093
2024-02-13,-0.011274391998253863,-0.021469171561243172,-0.02954746380263118,-0.00870299339136249,-0.013788690196348319,-0.008703534853663708,-0.02152868019999088,-0.015596856060998476,-0.013773149937529872,-0.008608816938499797
2024-02-14,-0.004809853834598199,0.013875689909627953,0.009420795246265934,0.003762270480959451,-0.0005961123453055439,0.010157256399754955,0.00966527010604934,0.010897186868617403,0.009087862132983293,-0.004934027149707365
2024-02-15,-0.0015748003843937264,-0.006901349311422389,0.016106312209894114,0.002776923825095867,0.0067238125229136525,0.021814567806651253,-0.007155175629755428,0.0029777506255614927,0.006899736364320841,0.028659458790398773
2024-02-16,-0.008430272167380681,-0.0017079419299743659,-0.005074849897617417,-0.003184607489703395,0.0036625695484677756,-0.004670039086990041,-0.0061491051097530836,-0.009067841764501039,-0.004980044094381131,0.0
2024-02-20,-0.00411389654811567,-0.01433539469369316,0.005176332923900295,0.0012502169477202063,0.006064210073093879,0.003909869478462946,-0.003143076466496808,-0.007547989660205534,-0.005505484799996796,-0.009447613205377015
2024-02-21,0.0041860155075681416,0.00903755380828164,0.00919670028593611,-0.002774726975710684,5.331256612173263e-05,0.006509834674569781,-0.0015145659270053846,-0.004001656156875977,0.0009058905865211297,0.020437952843103124
2024-02-22,0.01124403891877579,0.035530017339574504,0.009919904610697916,0.00041791428518100915,0.00042672195902415666,0.011995444163121594,0.0235466680473142,0.029275502821000554,0.02069560084307609,-0.0008585056757153264
2024-02-23,-0.01003415678816788,0.0023485144793740087,0.0001844772340902079,0.003614807145421617,0.005651511902278639,0.005025562869337641,-0.0031821512290743925,-0.002944712729366361,0.0006894922225597622,-0.008781974672646076
2024-02-26,-0.007451226628393592,-0.0014858549486425066,-0.009292154258841001,-0.0018010084178614605,-0.0022266895335479875,-0.0034241423220876532,-0.006823651529518471,-0.0005266569695581147,-0.003662491379567423,0.00394846095341439
2024-02-27,0.008114196950591124,-0.006810521779339163,-0.006811232510861687,-0.0015264587329737456,-0.0010626830578386315,0.0004907690711934976,-0.00014719748085501028,0.002405244321459943,0.0018577464594087267,-0.0021103346298337877
2024-02-28,-0.006625385352454383,-0.0021896371944472026,0.011392309137927326,0.0022238340353775143,0.00180849115899262,0.005069694555571713,0.0005888766045727412,-0.0053244043305447075,-0.0013217087460413168,0.002787709080141587
2024-02-29,-0.003693078234560443,0.02078996747858297,0.00207499904162578,0.0016643756759264772,0.005150266749304189,0.009111442075989684,0.014519911413462427,0.008569375552810898,0.003595083428270973,0.0019170920072004716
2024-03-01,-0.006030514705976264,0.00825982552183624,0.004301540672726034,0.004193527414503295,0.018910791174389097,-0.004138406940911277,0.004496502915554146,0.015056760704273975,0.009388152184653276,0.012629143423035893
2024-03-04,-0.025381110468899237,-0.003591063770984282,0.024103175717494096,-0.002350521505187886,0.016174996770490724,0.007501550024848758,-0.0013958235515562079,-0.0035679292082467784,-0.0010723948124926608,-0.01398328554257855
2024-03-05,-0.028441079256948387,-0.01948421375262155,-0.009023681746687218,0.005405259397741613,0.006020141664404566,0.010017296365927963,-0.029572002568075684,-0.01794965402545079,-0.009994157593185449,0.012265233535274644
2024-03-06,-0.005878028133039281,-0.0035033346396604603,0.010415736881724813,0.0017920665480304354,0.008215401882095241,0.005197560360347131,-0.0013908100951280922,0.006283632713516729,0.005067278275739273,0.010696709338646748
2024-03-07,-0.0007096105154190679,0.019076784751165476,0.001565392755016104,0.0016512473730154742,0.005683843351386164,-0.008758447606762032,0.017533525187662047,0.01517809562103789,0.009926473867542196,0.005619609962439487
2024-03-08,0.010236617340713572,-0.008313545751684748,0.0053143693417341265,0.0009614790099772286,0.008452547868211147,0.0018630328706044086,-0.007137060214013391,-0.014434828345843309,-0.0060021960724693235,0.009406549482170234
2024-03-11,0.011831746790463615,-0.019332758891648982,-0.013108403685780923,-0.00041142375286462585,0.00183502012710135,0.0003717775978948623,-0.004184961507416096,-0.0037126843904421447,-0.0008599205218472461,0.00590511056152998
2024-03-12,0.0027783519402069246,0.019946455814511488,0.00536892638850639,-0.0030205036856290057,-0.01094062729637224,0.008232013195708099,0.026599445083368423,0.014334811274657744,0.010757368467438466,-0.006420665857860164
2024-03-13,-0.012122400495199637,0.0066708374081581034,-0.004339533336145118,-0.0016530662587852518,0.00700740378557585,0.008112094395280156,-0.0004333620749089606,-0.007685920706828719,-0.0015673850894233343,0.011170575750612644
2024-03-14,0.010927269406326934,0.012403729449981915,-0.02081122545074998,-0.00593184309887107,-0.004175139558116325,-0.01781776858173323,0.02437979513868682,-0.0025213751294071995,-0.0019769079358550323,0.017712031237931747
2024-03-15,-0.002196435647230266,-0.024223786467438835,-0.007764685209022071,-0.0005551133977260703,-0.00319440663913817,0.012395525785906303,-0.020695357663178315,-0.011886911410824319,-0.006866478443035562,-0.0017941975755791928
2024-03-18,0.006372160126335347,0.00034398325434925603,-0.002828730415534886,-0.001249469545885451,0.0016022835845583838,0.012401409780721906,0.0021613249042207183,0.009537467023616797,0.005943028208506229,0.00925669658289574
2024-03-19,0.013585251503802187,0.00813845829732096,0.0025617523195025083,0.0026416685150310037,-0.0011498061737871268,0.005865201086554528,0.009800620358218826,0.0024916044987954855,0.005557194510341201,0.007034831569395106
2024-03-20,0.014709011152719276,0.012791359170393646,0.01943175530835295,0.0018025024349010987,0.011911859798154678,0.013107030394332808,0.009064839610529951,0.011856603344591932,0.009249396810094623,-0.0008842479218226229
2024-03-21,-0.04085735668034507,0.0,0.02955147771025235,0.0008302515122602383,-0.0010386361790747367,0.01390511801822858,0.00973577641882395,0.004732301043230969,0.003304708105438925,0.004425152541051247
2024-03-22,0.005310066880121145,0.0040415450203241665,-0.02046174520417199,0.003319050479533958,-0.00802096899240623,-0.012257702401798354,-0.0014672103280752857,0.0011436830746807125,-0.001895970075854958,0.0
2024-03-25,-0.00830032834872707,0.004696213001679439,-0.010450536740339689,-0.0019296605548039247,0.0031944066391380588,-0.009154657158557566,-0.013714518141696552,-0.003629091453989375,-0.002762751531151797,0.010221066357285924
2024-03-26,-0.0066724081557022474,-0.007845994154095037,0.004888468656447653,0.0008283030336897479,0.003233961285236564,0.004671019480837479,-0.002861546605449905,-0.0032376086480888633,-0.0018469169345665115,-0.007500932840334484
2024-03-27,0.02121258145669014,0.008581036192426339,0.018190692031267552,0.0034499446374818277,0.007240660177973313,0.01936343742319213,-0.0005217609210623753,0.0034059656316214326,0.008403780083222623,0.010369765496989425
2024-03-28,-0.010559179872008717,0.0030584610251771505,-0.0017003252978717853,-0.0012381233896758825,0.012900024807739996,0.003909370831369108,-0.0016845499834015065,-0.00184334053783064,-0.00019126510604461355,0.011046416620018373
2024-04-01,-0.008455691642424878,0.003270852211551434,-0.008312377518854497,-0.006821360733839432,0.010208079384865787,-0.006789860638893641,0.009150850722439152,0.002117116982526035,-0.0017396441896039283,0.0064522128424553404
2024-04-02,-0.006998901525819612,-0.0015472110151306673,-0.012312948453481076,-0.0011123995168497158,0.014772360490971526,-0.00040203932758997585,-0.007372207360647032,-0.008630305766912816,-0.006358141584014487,0.01957430084784617
2024-04-03,0.00479749581042177,0.009519072430478781,-0.002192133513239103,0.0006961242360570274,0.008772374739768773,-0.002816131739030836,-0.0023489470029677273,0.0022444839655786364,0.0010984840474292934,0.0001677677924138976
2024-04-04,-0.004892397923018099,-0.013212014767422509,-0.027871777994445623,0.002086690897629806,-0.005734705223284009,-0.007608422216531463,-0.006112665302777542,-0.01529077042712923,-0.012206021900676656,0.003520412848788901
2024-04-05,0.004501821688167595,0.028166707356770848,0.006905576238329214,-0.00499728677900213,0.017114197447370305,0.009200137483043491,0.018282754454457706,0.011783840066402762,0.010446759975726305,0.013782240746122554
2024-04-08,-0.006663540767380405,0.0006483768975988902,0.00722212752858975,-0.0008371216110961699,0.00622848536623688,0.005216388805077576,-0.0021853741372757085,0.0002953098753906147,0.0005593844443609886,-0.006756199960826992
2024-04-09,0.007242520458911494,0.002591909504893186,0.0007220483546286349,0.0036300680501244464,0.005497054993034878,-0.00670075906384715,0.003980252285525232,0.003699456856067318,0.0011567125547002899,0.005226067020827729
2024-04-10,-0.011139275060487508,0.0015080453603608657,-0.025189796345508664,-0.011685951200827605,-0.009463856185613961,-0.008521338545495971,-0.007084659518743264,-0.008728456876358037,-0.010013018898953119,0.008417156401269388
2024-04-11,0.04327083017672795,0.016671181255133227,0.0029480013806353345,0.0,0.019433247203493043,-0.00020486734188207567,0.011033531863454904,0.015968085506204543,0.007546866711725997,-0.003355022102116023
2024-04-12,0.008626612228295638,-0.015445639364236818,-0.028703857173300484,0.0022520105374297383,-0.013239324939518515,-0.06467780289645353,-0.014091224761211385,-0.015941770160303737,-0.013803165339080214,-0.011659527021057325
2024-04-15,-0.02186345420895064,-0.013485250630092094,-0.0005371487984823231,-0.0066008142492108846,0.01871915519396472,0.0005471747055518783,-0.019577942825826367,-0.016451132094160048,-0.01252804078566272,-0.005732356860681853
2024-04-16,-0.019167226465318654,-0.001633742516860992,-0.017457696845666337,-0.0025452122944521482,0.0012220152803359419,-0.011427730502484024,0.0022723351843467743,9.297477849767866e-05,-0.0018236869224872443,-0.008271944548054244
2024-04-17,-0.008147358612774602,-0.011128128209780819,0.005495795667430858,0.004819359222217878,-0.007368252752093185,-0.003982333605060839,-0.0066090181938962544,-0.012201393704782793,-0.005918301856489228,-0.0005055302813326001
2024-04-18,-0.00571436375002965,-0.011363622972558218,-0.008609676972874514,-0.002680233726322756,0.0034154561341945833,0.006497154942606054,-0.018380998935308313,-0.005706350415023764,-0.0020577890876725125,-0.000927331587368907
2024-04-19,-0.012212488787520126,-0.02561096030926935,0.003586132857740898,0.0012732047178796169,0.003131535140574959,0.025103504283088718,-0.012738998009177105,-0.020689133543205673,-0.008728373145367785,0.01147482499427488
2024-04-22,0.00509074491711714,0.014888568814227066,0.013506955134793719,0.00042370683348513793,-0.02470249054532203,0.01942937049901805,0.004610244411350939,0.010056584798475487,0.009209144977934569,0.005672425652680113
2024-04-23,0.006391736515837909,0.01303389727631088,0.00856458710716268,0.0018354790852692648,-0.002458663172418052,0.014413244491307653,0.01648533679751507,0.014923009229816708,0.011866672246626297,0.0038984852389014613
2024-04-24,0.012702191126354734,-0.016430862529557833,-0.004982965156072883,-0.002537088808088117,-0.0018600907225296837,0.0048922716951611545,0.003655794265893686,0.0033877253638681104,-0.00047460733306348146,0.00016527458329673728
2024-04-25,0.005147401920780892,-0.016535467634067658,-0.006751391949780805,-0.0028258992444181175,0.005963468053189924,0.0015019426333753305,-0.024495108568360457,-0.004829984823561229,-0.0037989089424659284,0.002313057452608236
2024-04-26,-0.003472788364378032,0.034260361668536854,0.006903105510017937,0.0022674760745398093,0.003241927353549112,0.0006205359112421149,0.0182437119319252,0.015431745641765193,0.00947388550375683,-0.027775538401221378
2024-04-29,0.024808052255624657,0.007460258507441919,-0.002097427539292096,0.0029686965079080974,-0.002031218037689575,-0.0010853260934389208,-0.01001660562684814,0.004060176716723651,0.0035414297461646704,0.014242101126767492
2024-04-30,-0.01827102696329208,-0.03293549122868411,-0.008722209129583214,-0.003806111830561787,-0.019937078844561418,-0.00796770557731974,-0.03211942494024467,-0.01885606675684004,-0.01584121643362113,-0.011451070056865964
2024-05-01,-0.006046968416043574,0.02285714285714291,-0.0040548586601535375,0.0036051200533870897,0.00906215232545482,0.0006258111617516438,0.014409561125670045,-0.0072304353193801685,-0.003247088879140936,-0.018939695713626414
2024-05-02,0.022031926716979733,0.031955314082140474,0.007211472823885012,0.003960046861657407,-0.0030870874411647042,-0.0010423662784678767,0.007342752671181341,0.012763202860889722,0.009353343578700324,0.0018098837426359093
2024-05-03,0.05981610555799044,0.008066292135759712,0.009128160139556307,0.005071108487634479,-0.0007976266365629092,-0.006000296136629446,0.02216972910007775,0.020098436780220164,0.012395359318103205,-0.0020646716151692113
2024-05-06,-0.009106767949631278,0.013371946429286963,0.014046149106032413,0.0009811025024326625,0.010518361024399514,0.007821222049235965,0.016918242678927387,0.010953471938733195,0.010326733512277864,0.006465702758553515
2024-05-07,0.0037972583340635246,0.0003179520909595279,0.008106928023462023,0.0019600519033329267,-0.004600326433150892,-0.0013020698409140774,-0.010156200711012753,0.00015894151120576794,0.0011035533801586617,-0.004968111154883936
2024-05-08,0.00186401133618741,-0.004026247769404412,-0.0033165063706270814,-0.002375243236745206,-0.002941061869504713,0.020338921429812862,0.002931609874547325,-0.0005905406431819804,9.647563503611956e-05,-0.00017211868338129488
2024-05-09,0.01001429132479248,0.007978723404255428,0.013875827166949461,0.002660990622546322,0.015778607960932778,0.009455660701610968,0.00433572791509107,0.0021815520176340364,0.005762110286761768,0.019715933509873773
2024-05-10,-0.006890361627608255,-0.01065965315282813,0.00955477054861209,-0.0027940616585705458,0.008112513438038427,0.0064305906408250735,0.00586931568563176,0.002358273433234803,0.0012881637671713353,-0.004052710096192902
2024-05-13,0.01764556405902229,-0.004853789332504466,-0.007958030341890687,0.0008409695816944396,-0.011202103844459854,-0.00020154618029954996,-0.0024595131045652696,0.002307289762623954,0.00013408237002887624,-0.00042380166414079934
2024-05-14,0.00617350344669676,0.002679959159411549,0.015980595135623332,0.002939139363004273,0.008462045119477013,0.013988859145201538,0.006864595397054973,0.006432225887595955,0.004588194867938267,0.006070377859539011
2024-05-15,0.012217924134276581,-0.005773249525686364,0.015866388872374904,0.006420235156965326,0.012838750510223873,0.002977662985956364,0.017483842374953262,0.0156303328349765,0.012383087546124383,0.007733541184072434
2024-05-16,0.0006325139910490218,-0.012688857146349708,-0.009795316200092108,-0.0016641151145568855,-0.0038933433506626036,0.0017811046975662048,-0.004939927077023287,-0.0020314165172283793,-0.002057544692443347,-0.005987514790674497
2024-05-17,0.00015802854249824527,0.005826891232250109,0.0055836281328756066,-0.002500162481485657,0.0164977725898805,0.011458608798297298,-0.0018526966224525765,-0.00048670297439001864,0.0014375154397507917,0.015016490547799188
2024-05-20,0.006162058377582769,-0.006280474722663021,-0.008655245296947611,-0.0009751605539954911,0.004023937591649318,-0.044973062204080594,0.012208229296658768,0.00697266620872905,0.001152163929652561,-0.008107666269249969
2024-05-21,0.006857342012297263,-0.0021248741632045043,-0.00032286505973955215,0.002091244485554089,-0.001469548604570936,0.020145383806967843,0.008698907444450787,0.0019564505116769215,0.0024525339784411404,-0.006909820672386546
2024-05-22,-0.0075384290083103656,-0.00010914012742568868,-0.006609350892603616,-0.0012519911683527285,-0.01837396956557802,-0.006064581172316563,0.0034495123578028863,-0.0001973817006044598,-0.0028794101115630077,-0.020110208783647332
2024-05-23,-0.021058081777516335,-0.011358061353112014,-0.018834216681247407,-0.002924974768734323,-0.019944570339717638,-0.00700932216653094,-0.008176112151050186,-0.004498564367194313,-0.007304155494412545,-0.01705943874020488
2024-05-24,0.016588068465596573,-0.0016570176564539851,-0.003377685133360009,0.0011178124310970983,0.0009271136061119734,0.019246510144463214,0.007400428864867026,0.009456582148421155,0.0066165101077051425,-0.0007928922294636598
2024-05-28,5.277226380462352e-05,0.007745471073219212,-0.013416168833397135,-0.004743995360113495,0.010513172896031486,-0.006028545307148359,0.0003719590210884416,0.0037776490534924267,0.0006987272701077796,0.012696342502731772
2024-05-29,0.0015790376320035104,-0.0007136405620595809,-0.019224475878813263,-0.0036450668120320273,-0.009303812074716977,-0.006967511672155702,-0.0026723940330717344,-0.007048381097304324,-0.007002454871396835,-0.010708853070359403
2024-05-30,0.005254972126773172,-0.014833517662161122,0.006978827229169093,0.004361554290107206,0.0018967600627461945,0.006158118304000482,-0.03378617426086483,-0.010713355568697347,-0.0066337636489669505,0.003168148369073309
2024-05-31,0.005018662127392437,-0.016060700229647673,0.01334887080738123,0.0036425149049870154,-0.00586417430627717,0.016555498188465023,0.0011093755699134178,-0.001860251429795845,0.009108137100940938,0.028686801913016646
2024-06-03,0.009258713446905986,0.01076849847083472,0.0069169302988920656,0.005586651068622661,0.008917780500373507,-0.003997339087071894,-0.003878400007629512,0.005369297042871812,0.000815398053666927,-0.023963913555176464
2024-06-04,0.001649342834515899,0.00560726713319748,0.010188194818276264,0.0037594224841586144,-0.008977059834655465,-0.013180122931410798,0.006166516822668999,0.002736458361064953,0.00111774169742751,-0.015552536298490183
2024-06-05,0.007820924331192192,0.010817455564965828,0.004571675479701387,0.00277432752639184,0.011845603201319,-0.009540193306872169,0.019083545279801717,0.020159764439018568,0.011885286538725115,0.003994017520528859
2024-06-06,-0.007096706780433171,0.020520748266509736,-0.013119966210615508,0.00013821939459224275,0.007391356612921562,-0.0017740639547352277,0.001202747498962875,-0.00034511560906980154,-1.8709279545392477e-05,0.007514092276277973
2024-06-07,0.012392130916615729,-0.003783767287795614,-0.006128547810949292,-0.008021842211032637,-0.03568330143379639,0.015438273056391782,-0.0015783490409286838,-0.000884759773206456,-0.0012156581825512047,-0.010704578885517568
2024-06-10,-0.019147783636722315,0.014975553234585881,-0.0032784233256499817,-0.001533865882865748,0.009168181127878317,-0.001700207130903797,0.009484481193697603,0.004039124911582315,0.003089558442166629,0.0029268201656329484
2024-06-11,0.07264909593214641,0.0009087895389929823,-0.011146297059943966,0.004049739180478129,0.0028566106093961263,-0.0263012521580821,0.011241770646828408,0.006862697659983041,0.002408336668519029,-0.008047379452826298
2024-06-12,0.028578508018948234,-0.0018159287809064173,0.01647237723897499,0.004589509027016936,0.0026617200115086614,-0.014560846449925613,0.01936768528235211,0.013097745400781902,0.008213197074696144,-0.011054691197281419
2024-06-13,0.005491105676071806,-0.016373254687715777,-0.0005192790144682435,0.004430320732607296,-0.008150148984962247,0.011121138614725412,0.0011788340314589085,0.005420295081384863,0.0020134171606567275,-0.008023094911616013
2024-06-14,-0.008168350693240733,-0.0009247574783878276,-0.0004938016906229636,0.0015164310675261916,0.012959545903254766,0.0006196066422423652,0.0022420505408020652,0.005181255605050339,0.000608435925496309,-0.008451486426483079
2024-06-17,0.019671433360945345,0.002177904217078641,0.015273113094152135,-0.003716072885259436,-0.005191652247571676,0.006192393947697106,0.013105269308011147,0.012249730789474889,0.007958879582898204,-0.006873715456763407
2024-06-18,-0.010984472888090457,-0.006791263808433312,0.003290214439071404,0.0034535375415922775,0.004007271832187298,0.01036029402641292,-0.004527465180335977,0.0003093160813449902,0.0025408194982812216,0.009412943046862798
2024-06-20,-0.02151295403413722,0.017996874289478493,-0.0010463067915329471,-0.0019270996215647873,0.012484347826456466,0.008477088398912702,-0.001433970684436403,-0.007708001293346367,-0.00271664481541789,0.0215761813281099
2024-06-21,-0.010444388677546712,0.01601287280926522,0.00609321463416479,0.0002757508765220962,-0.015493238109986152,-0.01192925780201004,0.009154213567689418,-0.0026791966690555835,-0.0013407061120768171,-0.008770315627512737
2024-06-24,0.0031325718177475093,-0.0185635417434159,0.014410913581386353,0.000551575403393123,0.003957566385821121,0.013143153901258087,-0.004691242020061104,-0.01138482360202453,-0.0032506271036742973,0.029703901275438538
2024-06-25,0.004468167235828879,0.004149318226444709,-0.005707486634321635,0.000551158555132325,-0.004962237629221655,-0.00407287087217878,0.007326877929609399,0.011435664879918539,0.0038509636422781046,0.0028057610055556292
2024-06-26,0.019993298253603742,0.03901472799901873,-0.008736305138311917,-0.004683225153702897,-0.009228168111804491,-0.003231314533177043,0.002683200265027663,0.0020652369409586147,0.0012481517071665227,0.00034973884208922
2024-06-27,0.003985998566226057,0.0218997235669518,-0.008025884940311423,0.0017990703632886351,0.011336925587312363,0.008813343868424584,0.0015260564789336684,0.002581227417145726,0.0015764089976522122,0.004282891365086083
2024-06-28,-0.016254161198422268,-0.023249966952787915,0.007924492912294356,-0.0046968110565653864,9.297647872519299e-05,0.015514342735757136,-0.013028656309383657,-0.005190929551131318,-0.003935218822621267,0.0019147259234677527
2024-07-01,0.029104659421955725,0.02043982896891161,-0.006414240256723991,-0.005276420320896702,0.002604589701363791,0.01577198493955101,0.02188165060596403,0.005865068135615825,0.0020581176325360495,-0.0013899114626468867
2024-07-02,0.016239886872157383,0.014198798656638534,0.00876935399486145,0.0029392562090102548,-4.643394389247657e-05,0.01645162419891677,0.0055831868359663694,0.010499694595711873,0.006729739643983157,-0.006784941314470494
2024-07-03,0.005811030038966658,-0.012050018310546862,-1.2677100294622434e-05,0.005721480827073577,0.011273000380832565,-0.0006704770882346445,0.003244276132925661,0.008337095933722338,0.004462518162005047,0.00507975804830707
2024-07-05,0.0216203156717254,0.012196992290986808,0.0018755125063587563,0.00457867538088097,0.013486798057397165,-0.01325044458347202,0.014736094520441778,0.010426823974349242,0.005766470977847771,-0.012112315402515561
2024-07-08,0.00653897911189838,-0.0035500335693359197,-0.0005186345240331125,0.0,-0.012402074526820739,0.001855468108417302,-0.0028231178662955214,0.0023783275430357964,0.0011540527239508602,-0.0104965607355465
2024-07-09,0.003774747099841269,0.0002509059834530092,0.015300285837704486,-0.00041422313330274907,0.0016957473442755777,0.011990142556141725,-0.014370160855048941,0.0008645173477934698,0.000972367545504893,-0.011053633429158327
2024-07-10,0.01880363397643836,0.002257434315787954,0.012115277360490007,0.0008290150300402921,0.0036603361122538036,0.0008187600024609498,0.014601480521835297,0.010426511952838835,0.009895306302644569,0.008833485125465224
2024-07-11,-0.02322083060861191,-0.023724863074531144,0.01584974466695832,0.004970195273279687,0.017733403441032136,-0.001684397412976435,-0.024772081801915702,-0.021930112251635547,-0.008622724441636809,0.011883469464647467
2024-07-12,0.013050786347277077,-0.0028710461411536325,0.003758168053307198,0.0026103286974314965,-0.0006270969301161999,-0.0120991690538641,-0.0025293100458769757,0.005874777243567886,0.006307769424906073,0.00017663455018968044
2024-07-15,0.016743399493914124,-0.009100746683474936,-0.0060508451155404375,-0.0031514035265403084,0.0032271131671974818,0.024934017905607897,0.0009040032559393119,0.0026878755069841276,0.0027500089307683773,0.017127239217318513
2024-07-16,0.001791882741659867,0.0015566783408964557,0.025493307482655547,0.0038486783120585955,0.019925798233449088,0.01699594371906432,-0.009780594293625655,0.00038294401622973595,0.005930192553132541,0.00720429224636554
2024-07-17,-0.025295955263872405,-0.02637038381521739,-0.0033769772557445954,0.0009582572720812088,-0.004643206403117217,0.015213964318594897,-0.013347557149679834,-0.029355001852235607,-0.01402117447015827,0.013788220959658037
2024-07-18,-0.020534893335882654,-0.022242286163404512,-0.0143741359950883,-0.0025989244713732207,-0.006381186355259194,-0.03177025286198609,-0.00710225667960962,-0.004732427470266032,-0.007684701326989285,0.009860707786265355
2024-07-19,0.0005798709865934004,-0.0033741230867346816,0.0020506187944036025,-0.002605920269514561,-0.017937829186174925,-0.0009522940124278012,-0.007402891959455982,-0.008863641473857986,-0.006640828942160559,-0.022979806477092635
2024-07-22,-0.001560233620991669,-0.003167158934036185,0.015095613785702344,-0.0004125125130852725,0.00031573231212611574,0.0023834193450833485,0.013337607277593033,0.014897803529548392,0.010310039029305162,-0.006892398450223047
2024-07-23,0.004688358555445804,0.021144894800451786,0.0017195493866057898,0.0001374860942635614,0.003516676143213937,0.0002377149973322723,0.004312239248625449,-0.0035246920037793616,-0.0015685213495305605,-0.016136054715948256
2024-07-24,-0.02875436237501272,-0.029934025650088625,-0.020173113933254272,-0.0028884943549236652,-0.0035043524704835294,-0.008272743459612375,-0.035854824664721896,-0.03587029189240043,-0.022662590807124183,0.014108115937685684
2024-07-25,-0.004804564265690869,-0.005419431054668911,0.010741369377140764,0.002207197205057243,-0.01564473026582147,0.00038366841335957247,-0.024481221573105616,-0.011027681915303678,-0.005210161847899242,0.02104177085904424
2024-07-26,0.0021609816434984275,0.014734466536293178,0.023501525786080002,0.003991650167673777,0.010534525866662925,0.01710818895279731,0.016419540547677247,0.010255982477198389,0.01119936200085414,-0.0008516665485998054
2024-07-29,0.0012847628857250992,0.003835599716395466,0.006949345149896979,0.00123391683029217,-0.0014050562105476505,-0.006549134994366712,0.003433253957442428,0.00200869587665764,0.0005880085853602335,-0.010483344965018349
2024-07-30,0.002565876484933005,-0.008133134602594794,0.012109259763406488,0.0012327312890436648,0.009985461488319247,0.020583408266124037,-0.008928317741998093,-0.013731352560006904,-0.005066691803742307,0.017829625022713458
2024-07-31,0.014990834358687533,0.029002194810164417,0.00448083764010998,0.0054700022381644064,0.018110725786084414,-0.011106498308865342,-0.010805893381676479,0.02959371980838954,0.016254587441305146,0.003553997214543747
2024-08-01,-0.016750659302493642,-0.015563100170141508,-0.012721074007637445,0.003738350735841056,-0.003442943141866439,-0.02274438577565452,-0.002964152694231559,-0.024221507817470234,-0.014160802726079003,-0.013829033074482355
2024-08-02,0.006869280440972458,-0.0878470841762542,-0.022337671155799987,0.011417605180612522,-0.0019046282784819235,-0.04241198120449119,-0.020665859035393974,-0.0237349768268037,-0.018618386879309612,-0.0005985927431267912
2024-08-05,-0.04816682032277997,-0.04097671157906757,-0.018037361662969098,-0.0009405714083343675,-0.012691935106198704,-0.021291586234699733,-0.03265687310292387,-0.029816064902166817,-0.029123875845593505,-0.01805272778997502
2024-08-06,-0.009748362628508866,0.005651399696776416,0.012277875679125527,-0.00618790473484454,-0.008000713832612472,0.027911852980665453,0.011286721824661283,0.009554992769741588,0.009219827914854317,-0.005314946597763659
2024-08-07,0.0124982237987592,0.0051874985158653075,-0.001331876225105888,-0.002436277258260011,-0.0006796279952806517,0.000299363845901901,-0.0029528464859617243,-0.010829714399449686,-0.0066840550204321225,0.013314736069986344
2024-08-08,0.01663343039044185,0.018615215947435537,0.01784870319447096,-0.0014925947985305887,0.015688013635013043,0.018263470026921302,0.010692083203723168,0.030590868941084093,0.023117373208243253,0.019104405654198464
2024-08-09,0.013735818937993916,0.00687575011257735,0.0016143157774979322,0.0035329838737843122,0.0024552612171107047,0.008526934254224905,0.008269250355510183,0.0052224867633203775,0.004409400363359239,0.00814310872469659
2024-08-12,0.007130045174682742,-0.000838620987187122,-0.02095287309921101,0.0017604931891985753,0.017144665770273848,0.0018950477792161191,0.0019457639069708765,0.0021534806328311618,0.0005255751042732015,0.0012619983462953677
2024-08-13,0.01719295302439905,0.020563504874259175,0.01946882094286151,0.0037850324110166866,-0.001532358906807807,0.008487441908453519,0.017698813611384034,0.02481287957919376,0.016445540515162227,-0.009579778640172787
2024-08-14,0.0020336631007802364,-0.0007636117446156998,0.003428467026630466,0.0018850514032739962,-0.008155751250824572,0.011060758775435664,0.006883743544412679,0.00032429932201472056,0.0031548367188043436,0.009248261702640592
2024-08-15,0.013530653692268357,0.04403286281963403,0.016955732690981273,-0.004166837023499181,0.0031388449312386157,0.006230929490461223,0.011823828626271515,0.025263048300074198,0.017140245330878434,0.006186450980486757
2024-08-16,0.005918404170830227,-0.002984395462729106,0.0004932767267915583,0.002159758929012545,0.02238773852658915,0.01143938941039413,-0.006080385427666313,0.0012857956236200785,0.0022420918317906935,-0.00471646383803237
2024-08-19,-0.0007077856351925815,0.006551472258579993,-0.0026132808746823777,0.0012120682342384725,-0.0016380226467286318,0.006916883841077137,0.0073124432312128285,0.013136104788990632,0.009561257412605384,0.003046419429695524
2024-08-20,0.002744620432443279,0.003703308593809629,-0.01061809948133674,0.0029592709655235083,0.0036699887797402297,-0.004316442956545541,0.007757345549456396,-0.002098665773666464,-0.0016260026793798454,-0.033324856311086615
2024-08-21,-0.00048563564090953193,0.006876093995775934,0.0024624118899401193,0.002146144428734953,-0.0013336178629832496,0.000372915007401442,-0.0015536118932711895,0.004664116939144147,0.0034364410660061573,-0.006371174251314504
2024-08-22,-0.008259613636425356,-0.022097583221652117,0.0024909155491963375,-0.004015103826561783,-0.011975011209935604,0.0094593936747569,-0.02025284021217788,-0.015854846231708852,-0.007848355755962988,0.007729503274901406
2024-08-23,0.010288143960685003,0.005166572293719973,0.020341167447428976,0.004434134706022164,0.011553425520716143,0.007755158049239874,0.0029841806107981927,0.010845444661544468,0.010625308253151111,0.013858558280888555
2024-08-26,0.0014988656436933923,-0.00869856159361615,0.0003398725753958054,-0.0010700183026010057,0.0031893380775307456,0.003939349447601437,-0.007917791741617108,-0.009708322910320089,-0.002383890782924558,0.021406474571400436
2024-08-27,0.0037415222158205808,-0.013561281383547064,0.003385669835534344,0.0,0.002706671669018279,0.004608326881020863,0.0008465132011481469,0.0029873841521081967,0.0013732097959411327,-0.00951089857464893
2024-08-28,-0.006753510960857967,-0.013401063602498708,0.0028550760591461444,-0.000669559486063287,-0.007026862307456638,0.005041312653546681,-0.007829126430308975,-0.011347503525318436,-0.005805249638718646,-0.009857348671716393
2024-08-29,0.014570151144202681,0.007728290643119529,0.006988053477988698,-0.0014743012056439575,0.005177980359189593,0.004157537213548723,0.0061373875186376825,-0.00146382466361894,8.941058333311602e-05,0.013817415013527956
2024-08-30,-0.0034379507899011674,0.037067191865004956,0.007755353925315678,-0.002012992045619555,-0.0071260085162319076,0.011655505467956795,0.009730952314402685,0.01191933110535115,0.009546098252218416,-0.0016084317732448783
2024-09-03,-0.027205190250011335,-0.012605042016806678,-0.017054677530240703,0.00426226865177326,-0.0043235765879541255,-0.02001775506821435,-0.018459147669036557,-0.03036086733582488,-0.02057899391929241,-0.020942890531501446
2024-09-04,-0.008618757988215542,-0.016567365497562103,6.77849347590076e-05,0.00443260084362973,0.000607926500195255,-0.004403123557831901,-0.0013189396904250694,-0.0025985869524760563,-0.0020469895515936587,-0.01221088448616181
2024-09-05,0.0069278685765590264,0.026308183871355473,-0.011111190469898502,0.002407122367023451,0.008332306942507639,-0.007750694345965203,-0.001247213910021694,0.0009336565497468641,-0.002431926145457064,-0.0078028953226263464
2024-09-06,-0.007015159488153233,-0.03653943460735232,-0.011088046324805978,0.0012007251081571635,-0.007402630408956501,-0.0237561300986453,-0.01638129818548628,-0.02678720387262723,-0.016830382791965137,-0.004683173940948082
2024-09-09,0.00040772845034808824,0.023396899008788496,0.018704835465852776,0.001332611025168351,0.004205876079289794,0.020474589757229156,0.01000736392815793,0.012859540110776502,0.01119643197777176,0.02104045687466405
2024-09-10,-0.0036214779618104487,0.023660258265018275,0.006708857274610569,0.0033264464415039274,0.004404097525005923,-0.05188890035095084,0.02090112094113339,0.009241742878550063,0.004355556873497424,-0.03643163933058857
2024-09-11,0.011585173110859825,0.02768031821904482,-0.007591956075986173,-0.0005307206605843495,-0.001590555949419148,0.008124207838529296,0.02134234653405276,0.02171556736443825,0.010258833992783822,-0.009925923736696984
2024-09-12,0.000493963689219612,0.013440254011034547,0.009120781336337647,-0.0010616821512798857,0.017567284525531468,-0.0030399951848920637,0.009360817206253591,0.009815966163835954,0.00842339869940778,0.013762283768542938
2024-09-13,-0.0012120645513313821,-0.0027272433520638684,0.0006890814160716019,0.002125836463761077,0.009943683944142245,-0.011035810781924948,0.00840756540613441,0.004479963193258163,0.00522262710382293,-0.0007193254463739862
2024-09-16,-0.02777518917830124,-0.008579580976924128,0.010669285410082496,0.002651013676302716,-8.374817448153493e-05,0.017325619526624925,0.0017418063863030575,-0.0044179898603001755,0.00147679121367994,0.01403517387966402
2024-09-17,0.0021725717344860396,0.010763186217390919,0.01043367520211258,-0.0013221093932157535,-0.0055309113549146804,0.006687213536901382,0.008832893735783331,0.0005284106653034026,0.0004086798688016646,0.01304229038456306
2024-09-18,0.01798980348964907,-0.0024080275860086653,0.02010999822273729,-0.003044565970891644,-0.007710465405288858,-0.008219826966379018,-0.009973723112486121,-0.004329599134587636,-0.002965620057530538,0.003503281641725753
2024-09-19,0.03706550158287936,0.01845197970580159,0.013178572142398925,0.0,0.01554075728197235,0.014214848373654165,0.018291169195196355,0.0252842638738191,0.017064378139772574,0.012393026164145171
2024-09-20,-0.002927321219565737,0.009111555436973395,-0.006503645525060886,-0.00013297329691619453,0.012710660066880486,0.0028980742249022917,-0.007795807539149546,-0.0019033769949547974,-0.0017287449719705084,-0.006293113470779765
2024-09-23,-0.007581044085107069,0.011899784481557152,0.009496274633289836,-0.0006640934257873266,0.0019404068737312041,0.001658069878287316,-0.004043475035008459,0.002650731078846613,0.002498934268385433,0.018131311805315242
2024-09-24,0.003974071620775899,0.0004126358007008335,0.003860937247837093,0.0011959901195850442,0.01396907347432852,0.0007093823223363049,-0.010011240638765684,0.004823529321861919,0.002861223307927485,-0.002641375419503711
2024-09-25,-0.004398231601513647,-0.007372694808574054,-0.004706547310196152,-0.0037161741831800432,-0.001381767735031958,-0.006616457613556892,0.006850210378096522,0.0009271830486856647,-0.0022054529497933517,-0.019478926057400536
2024-09-26,0.005080276800315753,-0.007115748848874004,0.008774557880711242,0.0,0.005086884066794806,-0.001950579593693269,-0.0018512154116236967,0.007513039928117804,0.003964639116043278,-0.017164699461433064
2024-09-27,0.0011866923847481115,-0.016687603998192135,0.0002010143833184319,0.002930510801417485,-0.007935830791900744,0.003432144983848362,-0.0076279042998659286,-0.005557034149443862,-0.0014503631661602068,0.02677301175317015
2024-09-30,0.022871923458814836,-0.008724793206352333,0.004549217283576157,-0.0022577856767782567,-0.007999374253898295,0.0017101652302495829,0.005326763999165873,0.0027119207474290974,0.004007338016461137,0.012087760747173215
2024-10-01,-0.029141537415765972,-0.006440170323887107,-0.016313622690979468,0.00295101519888874,0.010491249392624136,-0.018116335314047438,-0.022333210184338204,-0.013932403182932207,-0.008958432638663472,0.023118818190415835
2024-10-02,0.002519664381519071,-0.0019986515757441925,0.02487086472283684,-0.0018642126814900628,0.00020358719772617384,0.0012074046404153549,-0.008462409660270676,0.0014129769020747585,0.0004219725084146919,0.013257738405252129
2024-10-03,-0.004894731972924005,-0.015154729791167831,-0.006017168030485798,-0.004401521417717991,-0.0006920058878576718,-0.00993760267991961,-0.001414309379510592,-0.000747073711315438,-0.0018280675094037857,0.008722891085543028
2024-10-04,0.005007489966303735,0.02500542770436165,-0.002417269815430556,-0.0065649095575607275,-0.001996030315693287,0.03549368016854837,-0.0011523660342057651,0.011898115321619551,0.00908737891272482,0.018355371545241583
2024-10-07,-0.022530900043442714,-0.03061493551686767,-0.008976134110516454,-0.0029671241596391784,-0.0033877625757333663,-0.001373084534040614,-0.015670727716430854,-0.010711717330694981,-0.00904056543870424,0.004325988819952276
2024-10-08,0.018404084672839716,0.010619458719785868,0.008929898340814146,0.0014879224136932212,-0.007371925565205384,-0.0008534003364225606,0.012623853625990833,0.014934594432908455,0.009457650768306847,-0.026561533134171755
2024-10-09,0.01669831966427715,0.013408477078997505,0.007217575261334375,-0.0027012743096124225,-0.005446185963701722,0.012669135992500413,0.006631054963032179,0.0078684899360566,0.006926352963365634,0.00040979703009624835
2024-10-10,-0.002178192514399546,0.007992632403596822,-0.00034516312678023464,-0.0004061025086382619,0.007342892553628744,-0.0027175659761270454,-0.0038805813402242872,-0.0011355485710082824,-0.0017500612795954273,0.008600108436664478
2024-10-11,-0.006505455490854017,0.011626110360002828,0.036281187054482356,0.00013527645084532303,0.010913408354139564,0.04439938058755488,0.001154454401686822,0.0015631621286131825,0.005988160203046933,0.003816834201713304
2024-10-14,0.016479884606519057,-0.006779016992029097,0.0014743278491982093,-0.0006771669341893993,-0.001629502157067031,-0.003643832919297818,0.006773606746656835,0.008391439569451986,0.008178451334012404,0.0038023213714568627
2024-10-15,0.011024697881098833,0.0007998782160802964,0.015407544198995371,0.0039310625617499095,0.003468359323146597,0.004108781123871363,-0.0009544339375110455,-0.013366833785580345,-0.007769627818527525,-0.0300612534025535
2024-10-16,-0.008851815018122822,-0.004262363692000948,0.008689289639195907,0.001350381545556889,0.005001609209081437,0.005620761482132197,-0.006256825280703371,0.0001222024414417877,0.00434639014938254,0.002575819143438185
2024-10-17,0.001596336417860833,0.0034244710350397334,-0.013044597442909867,-0.004854381633238702,0.00598831083503093,0.0034877569741069703,0.0014418557372621876,0.0006925838698199627,8.578340628839776e-05,-0.0025692013454293727
2024-10-18,0.012276566411911327,0.007785456851548744,0.004508743424866957,0.00054183643331851,0.010618185005034864,0.004233082042647052,0.0034555307495931498,0.006554736463965094,0.0038466930239535735,-0.00282508335710141
2024-10-21,0.0062977873923080185,0.0004233124965837831,-0.006444769675848838,-0.0067712584097380235,-0.00019900127714245208,-0.010516072669498722,0.0014826663303761922,0.0019212667570398523,-0.0016423109811971592,0.000583286565612795
2024-10-22,-0.002621711559509854,0.003332044214411578,0.00027988602744022373,0.00040898131793176695,0.01078732362833379,0.005022378512564485,0.020846327360725336,0.0010899250234155389,-0.0005311986598890428,0.005163221688820219
2024-10-23,-0.02162303699697188,-0.026304640562205495,-0.012639837033547652,-0.00245321530101994,-0.012050555849465017,-0.0031678479264526382,-0.006806901465636339,-0.01532383454476205,-0.009137532047291397,-0.0035626485295952026
2024-10-24,-0.0008232612126159999,0.009041189476714617,-0.0042098882690353445,0.001639609374637585,0.007693259346016168,0.007027340674693461,0.0003062731681799935,0.008108815099653333,0.002162834884147813,-0.00565385878682223
2024-10-25,0.0036430797073065957,0.007779788122410869,-0.010091448696445293,-0.0020460741084005196,0.0020569789010425055,-0.011867602328123783,0.00805203828463652,0.0060936902136818905,-0.00034526812660351514,-0.0008361162480827744
2024-10-28,0.008599486258251243,0.002981406341556969,0.012473493374248301,-0.0012305150946131382,3.945407605776552e-05,0.014349262962727094,-0.003643506610102376,0.00016140406006659447,0.003091426259955732,-0.004937791711572048
2024-10-29,0.0011567962685603561,0.012951868195294036,-0.0030926562545473546,0.000820985268625396,0.010894858433216914,-0.011529916836360399,0.01256469982667574,0.009608418331548796,0.0016182856761448594,-0.013624890667687461
2024-10-30,-0.015277977796428921,0.009956473710913016,-0.003356540619109505,-0.0009570672902216026,0.005505891218995584,0.006774440759091949,0.0013427693628149662,-0.0075576631134428585,-0.0030250180720428066,-0.0050305653302705755
2024-10-31,-0.018209486389209273,-0.03284388507953562,0.0011839392293777617,-0.00013655451490834913,-0.015495166963743978,-0.011095886713657799,-0.060527471978385705,-0.025242639510359544,-0.019603163593925776,0.0007711784273669586
2024-11-01,-0.013279629670170268,0.06185621865256041,0.004128332736535345,-0.003872745685051693,-0.0041023758773532926,0.0045963064655178965,0.00989276994747268,0.007398933625877957,0.004220340979339321,-0.015670492434905037
2024-11-04,-0.0040376777344741654,-0.01086239567545566,0.006517256509573022,0.003998018767489286,0.0014259144001700363,-0.014174284072092536,-0.004654317098609639,-0.0029131741329927463,-0.002153906914272974,0.03184007195812133
2024-11-05,0.006486336306139373,0.0190009257528736,0.023045849702906684,0.0024713266571068093,0.002254447895034817,0.007780555618785989,0.007344553166413581,0.012756883258657314,0.012091818399094123,0.002950720970003262
2024-11-06,-0.003266945738759408,0.038045094425516846,0.015251016749963098,-0.008217999477633464,-0.030386729020158154,0.11544539699719647,0.021193030542738134,0.027163225079899656,0.024865585678215618,0.017148627738635014
2024-11-07,0.021372158266901975,0.01429333510169939,0.006059558120013353,0.007457763401139905,0.016076503855530166,-0.04322830963900082,0.012494571714720903,0.015744170657705503,0.007732166018771691,0.0012396923126936077
2024-11-08,-0.001188116432034425,-0.008902691496347037,0.0031077928109775055,0.0019190545656706526,-0.006769426092267161,0.0025381948846756597,-0.0067930822670971835,0.001168510428931624,0.004331637854797288,-0.0003301797183513644
2024-11-11,-0.012028669038786077,-0.006436720074140534,0.014009601856657783,-0.0019153788491451662,-0.02347155656813127,0.00974761179129624,-0.0107208921891363,-0.0005834536447215655,0.0009530337965559799,-0.005284421518734428
2024-11-12,0.0,0.010007771034946433,-0.016596419169467636,-0.006031708924167156,-0.008631355179477884,0.0011284522361092453,0.012009319753290226,-0.0018099298303482225,-0.0031064472321096215,-0.0009961302913632508
2024-11-13,0.003969128785468401,0.024843245179395845,-0.005181647995464722,-0.0004137055467998696,-0.010081225320474285,0.006678891139367593,0.005129627760420918,-0.0012868320978877135,0.0004857694632012244,0.009306153017411
2024-11-14,0.013770514460679228,-0.012237320417028852,0.015616143668155447,-0.00027588078080598155,-0.0026091417886487944,0.002944012295584608,0.0039745530434045495,-0.006949752186175773,-0.00643012118573405,0.0006641050149016614
2024-11-15,-0.014109231725173532,-0.041942478231440816,0.00027718150591615753,0.00027595691201431904,-0.0017720694429753658,0.01422258537008303,-0.0278526174185989,-0.023825955846768943,-0.012808605553460195,-0.01036832607610827
2024-11-18,0.013422193207767386,-0.004491405455644082,0.002482223472228151,0.0009657495289399076,0.019020246289590537,-0.0011414832548466425,0.0018314185782783987,0.006947683276529837,0.00409727563891793,0.008381483564099845
2024-11-19,0.0011401980712311133,0.014427385751800914,-0.02081951540246685,0.0017917726651632826,0.008959325127211537,-0.007917395689560625,0.004882553313466209,0.006879813987320738,0.0036554831031749835,-0.013963926044579411
2024-11-20,0.0031541185202828004,-0.00845508881471324,-0.003345918792716729,-0.001100486602706674,0.005632045702723465,-0.00950254395017991,-0.0055051563868645514,-0.0005759736211780053,0.0003389043454062879,0.014245977980297475
2024-11-21,-0.002096044896067739,-0.022180598835253806,0.003249775773211505,-0.0005510715310608205,0.008339500390982302,0.01652958008421601,-0.0043167443490419455,0.0035970954737851724,0.005368341023434864,0.013381024895662508
2024-11-22,0.005907517065716572,-0.006351495788949668,0.008229580605309206,0.00041353153375101037,0.012892210445830665,0.015484534876471168,0.010003080764387828,0.001604119567152118,0.003099383398938116,-0.0011481833718651746
2024-11-25,0.013050866677260853,0.021966324768223133,-0.00479516460847873,0.009229943517377714,-0.029458856541118794,0.007000650744926062,0.004292594876669442,0.0015817242010127686,0.003391943612276016,-0.01494373788790182
2024-11-26,0.009404449847425056,0.03181932866326265,-0.004857078766982048,-0.0017749575210441737,0.0019383092584315254,-0.0012784879196405807,0.021968010798594007,0.005369175115357283,0.005221481460455202,-0.016670946271371445
2024-11-27,-0.000553155177552056,-0.010199148999145757,-0.006848588474685391,0.0027350592004704577,0.002222714763140843,-0.0007202431305175505,-0.011682454432063394,-0.007873470277186212,-0.003029956675746681,-0.002627696336491958
2024-11-29,0.010215883876433907,0.010450052683389277,0.0032859882893332415,0.003682044403470641,0.008624546377060671,-0.0002800794954663788,0.00111103778009225,0.00878687590495697,0.006211961153299583,0.002549625047377768
2024-12-02,0.009522562187620265,0.01356490130596999,-0.002629977932949057,0.0005859628017104157,-0.008754403389975018,-0.013895570316435513,0.017758622270402036,0.010887908957369907,0.0017924650477565418,-0.0009324917800326293
2024-12-03,0.012771842943683387,0.012956175029913197,0.018517686679011325,-0.002315227752527238,0.002012776164397767,-0.00580714245876135,0.0005104020057462577,0.003066085661282747,0.0004638854809093651,-0.0015274304084450518
2024-12-04,0.001483632339151164,0.02211394849472459,-0.003850016323434291,0.003412944573793375,0.003033679807253664,-0.005800321352569915,0.014424810133203403,0.012363139136823964,0.006209397334455913,-0.028809326598695506
2024-12-05,0.0001234265638461185,0.010955259211262725,0.014448175561841303,0.00013588727063140738,-0.007397709454119217,0.008545799262267506,0.011887912777782228,-0.002771188481261788,-0.0016456005261014095,0.004375196301026785
2024-12-06,-0.0008229105467324471,0.029381072944344444,-0.001828311162757501,0.002720983292290313,0.0003705687954560499,0.007658387186558757,0.002146291585313209,0.008949509102188946,0.0018958415710579324,-0.01054187041079302
2024-12-09,0.01610116363118541,-0.004140432746599476,0.0033657908755728716,-0.00298492689316443,0.009919751769426055,-0.014351553401170336,0.005523420754441233,-0.00778747688927206,-0.005149727983354002,-0.005899416311968775
2024-12-10,0.004133767070892969,-0.004644181824783544,0.010216016365355074,-0.0010884489706038947,0.01316431251835759,-0.003896428874702873,-0.006031175836112235,-0.0034075795621070215,-0.0031091188730399955,-0.0020372173164389107
2024-12-11,-0.005166184870432078,0.02319588240507109,0.007747855596306197,-0.0021794888774592236,0.009533812345188464,0.0027587365767711702,0.01276711918602813,0.017902333654016722,0.0077306637810579115,-0.00665667944502446
2024-12-12,0.005963823561796255,-0.0056023335225716675,-0.006045408887656478,-0.0039591166251196075,-0.014663722649505995,-0.008212548465005076,0.0012694634941745608,-0.006453609738705901,-0.005152593115945736,-0.0008934623512224515
2024-12-13,0.000685557912040613,-0.006594726378065796,-0.002153311113645473,-0.003974853533827871,-0.012091578404740733,-0.0065829900580995915,-0.005093897138370274,0.007654205869568331,-0.0001987246258569053,-0.008764031710924325
2024-12-16,0.011727684347941025,0.024048121869595374,0.007675979798355881,0.0011007308609660704,0.002415209844427002,-0.0015004394312649882,0.009658653451355637,0.014400574241799635,0.0042700868217739885,-0.02138214948719952
2024-12-17,0.00971962452327757,-0.00764177579215608,-0.014492996615525944,0.00013773000192407459,-0.0038386247250202787,-0.005092244564323778,0.006355260581240696,-0.004403657223491897,-0.0041199505827091976,-0.004240837650217433
2024-12-18,-0.02142180288699569,-0.045987410359975445,-0.027563275828259015,-0.007834178686196958,-0.01918507783771317,-0.033520734468124425,-0.03756104129409987,-0.036076878181905636,-0.02980357345545892,-0.014720896676106765
2024-12-19,0.007014646628176857,0.012561168873593154,-0.0038910704090007187,-0.002770625448771269,0.0014210967336203417,0.011242947591322716,-0.0008231042343443962,-0.004453242796967571,-0.00030721126247723607,-0.008550940004857233
2024-12-20,0.018815884262783245,0.00729994595290151,0.012161351271386511,0.0030562447478117427,0.010434056495473909,0.019917466788070604,-0.000983970017257585,0.008732508928078975,0.012011104133690553,0.0034119931551859217
2024-12-23,0.003064871659893331,0.0006224408269079884,0.010703009582520018,-0.003185024874974185,-0.004708795377563968,0.0033249481287962457,-0.003092014533004672,0.0097427183153187,0.005988219017835306,0.004061532232118248
2024-12-24,0.011478269984108502,0.017728630305015702,0.0145522320400433,0.0014354574397306141,0.001992014086009908,0.01644359984499455,0.009373908673980358,0.013559674845035286,0.011115066605539958,0.0009406989635234453
2024-12-26,0.003175621041763499,-0.00873171784917226,-0.0005213335879435954,0.0006959106692814299,0.006751179863859091,0.0034254246379961106,-0.0027769667322976588,-0.000679402390147299,6.662663576362249e-05,0.0008459007413603725
2024-12-27,-0.013242268452804407,-0.014534256804240364,-0.009579956660403455,-0.002086280143233643,-0.0068705038771271765,-0.008102330019203574,-0.01730151383322842,-0.01329295899741012,-0.010526513060112985,-9.390953311860795e-05
2024-12-30,-0.013263430604093518,-0.010949707031249978,-0.016041315816055612,0.0039024420736835097,-0.0031896811646235923,-0.0076709183653500546,-0.013239520829944174,-0.013299962751359251,-0.011411608606290868,-0.006761747533409412
